id;status;inscription_id;transaction_id;address;seeds
110787;broadcast;6d009a241ce7f6a1b3b738fd8837bd2937daee9eda72b604b7586f9dc292b101i0;841e220e3974d534b7e256130c3ab6838795a534b5e524b55e685b3a62cd23f7;bc1pmcluw8y5xrcazkurwvaeg9h2khv06n5cd7d4wqjwsjrx2hhcrzcsa89h8f;0181pa78
110788;broadcast;6d009a241ce7f6a1b3b738fd8837bd2937daee9eda72b604b7586f9dc292b101i1;d14ab3ce56ef0cf769eb22a65a15db0311dc9388940e2b15ea86245e2237fe22;bc1pxda6m9z3mwauqe7sk7j4mxsp795ycgjxvnjdkw5s44z3aracnt9qnvav79;0d53spgn
110790;broadcast;6d009a241ce7f6a1b3b738fd8837bd2937daee9eda72b604b7586f9dc292b101i3;a8d735204a6751225afc4a96ce43bfee6bfc9e93401b6998666616ac714bf07c;bc1pfyl2nnkt3e5w0ku075k8whcyhexe76jlxwt3628r6dfv8neng5zsmj75fs;0je0vj7m
110789;broadcast;6d009a241ce7f6a1b3b738fd8837bd2937daee9eda72b604b7586f9dc292b101i2;f306327c1a2dd28bc02acaf19c9fd4ed04495acd80ea91fbb10a2302695e6cc2;bc1pxqu0fpf805vakkhmm72f8gn06vy882xua4rjnvsz8z4ff6cvdaesnmrufq;0hdq52f2
110791;broadcast;6d009a241ce7f6a1b3b738fd8837bd2937daee9eda72b604b7586f9dc292b101i4;ba24c10d8e34395918bf20141dd417504b93854ddcd65bcf5e013602e9a069ff;bc1pau9vduahjfpy3x6x87ex3u39ylsnvxkquytz2au6cxec288f0u6qquzkk6;0rduzjr3
110793;broadcast;6d009a241ce7f6a1b3b738fd8837bd2937daee9eda72b604b7586f9dc292b101i6;cef0263f34f1ef80d83ede6a8a103123d300aa181d1fd2f39215be7e0028b97d;bc1pe3t5j3hnpq6zgahfr4lydq4u620tpjmhc2svxphgmw94yke6nsaql60sx6;10ksyxe8
110794;broadcast;6d009a241ce7f6a1b3b738fd8837bd2937daee9eda72b604b7586f9dc292b101i7;7e7e415ae1ffc82749757e1d23cf6b1b73356cab454cc32de69ba24453d71f29;bc1pvtfgh83qw6wf22x6letuhwxf4vmy08dsvj4h2hz7qajem8r4uyzsutdeee;11stbur9
110792;broadcast;6d009a241ce7f6a1b3b738fd8837bd2937daee9eda72b604b7586f9dc292b101i5;7ebc07cef260b7fc1be6eb0b9685e8e203f4da614322e49910d3c46af4316335;bc1p2dpep70538v4gulenqfgphe9zfa048g06xcd7j36sa3vgctmkufs3llsqk;0rwpeq7h
110795;broadcast;6d009a241ce7f6a1b3b738fd8837bd2937daee9eda72b604b7586f9dc292b101i8;58de9d33c9246920a0e1e41f1a1025b488202f6b1bc6a581ad3d2f392f07d9d7;bc1pkst4qlxvuplpmflwv2chkd2my3z4lnwgc8p2s978yfm8y47pq9ysh3q7zn;15h8y164
110796;broadcast;6d009a241ce7f6a1b3b738fd8837bd2937daee9eda72b604b7586f9dc292b101i9;62141694c698e85d9e97a2ad3510203deb7993dbbdbb912211577cb907c7a223;bc1prw7edyywfc63pwjvlatmm52yf9kkevv9qnxgvvqdgu4vnw4tp9tq3mcrd9;1b30svj1
110797;broadcast;6d009a241ce7f6a1b3b738fd8837bd2937daee9eda72b604b7586f9dc292b101i10;40287bcde46673c83d1d7e79fdea23118a193703e60976c5771d92f5cf826740;bc1pv5c8tx0xswcj7dvtx8efswa7a0u4ghq6msgprra7999nakwmdkfsmz3hs0;1c9ttn1p
110798;broadcast;6d009a241ce7f6a1b3b738fd8837bd2937daee9eda72b604b7586f9dc292b101i11;471ce1351fd0edb87aac695057a88f25a0d78a957f0acf88e453dcbf0d5acd8c;bc1pcu3fer65ezvjslcsucfu8dnxuhtsnm8py2wrvsfyddd2zen6d9hqum6x7g;1gaih0b4
111055;broadcast;6d009a241ce7f6a1b3b738fd8837bd2937daee9eda72b604b7586f9dc292b101i12;2e551cd4811bb042fde082233415aaf75cd0f774e9654309949bda5b55eb5a6a;bc1pp90q7fp8rkddrunr5929ljm599ynnv5dzzp8d235t7r50ag4gzjs4kjhj5;1h7xe2jo
111057;broadcast;6d009a241ce7f6a1b3b738fd8837bd2937daee9eda72b604b7586f9dc292b101i14;19c228787cbae615788f3c18db0208ff40a38565a6f6ca75ce2de8e1a5ebbf4c;bc1ps85mvamyf53d3s0g94a8gehgzy68h2h40a6uhcucjyexsz8zyhqs52t4n8;1ktvpqiv
111056;broadcast;6d009a241ce7f6a1b3b738fd8837bd2937daee9eda72b604b7586f9dc292b101i13;19c228787cbae615788f3c18db0208ff40a38565a6f6ca75ce2de8e1a5ebbf4c;bc1ps85mvamyf53d3s0g94a8gehgzy68h2h40a6uhcucjyexsz8zyhqs52t4n8;1j3d3dva
111314;broadcast;6d009a241ce7f6a1b3b738fd8837bd2937daee9eda72b604b7586f9dc292b101i15;8197e5b6fb5daa75bc65f4cdcc96735014e4bf05c9aaf2797ac40d13ba45bdb9;bc1p3hhdgqvyldhcsq2tss9uythtnj3xvu0f7vrkphpk48cy20qea4kq7rkcud;1lm1f48j
111315;broadcast;6d009a241ce7f6a1b3b738fd8837bd2937daee9eda72b604b7586f9dc292b101i16;8197e5b6fb5daa75bc65f4cdcc96735014e4bf05c9aaf2797ac40d13ba45bdb9;bc1p3hhdgqvyldhcsq2tss9uythtnj3xvu0f7vrkphpk48cy20qea4kq7rkcud;1nsis5l2
111316;broadcast;6d009a241ce7f6a1b3b738fd8837bd2937daee9eda72b604b7586f9dc292b101i17;5c1931035a9544607e26514e70bf6addf8eebb78532d040c2e4756afe597add5;bc1p0g2w7uj20h65vmfutyx4gpzrtc0xurwn34qtznd7alcw0t0xfdmsnjhhzh;1s7lo6lj
111317;broadcast;6d009a241ce7f6a1b3b738fd8837bd2937daee9eda72b604b7586f9dc292b101i18;611837ae022aa548252909a80386217736f68f26bca07f90b4a93db54b5a9dc6;bc1pzevlwvkgn204slruz97k9rw95e7cu33gt0dp0h8c8f4hwwpfghusjxrxcz;1xmhq2je
111319;broadcast;6d009a241ce7f6a1b3b738fd8837bd2937daee9eda72b604b7586f9dc292b101i20;c00399a8ac3c3649dd348fd0e79be5a2acab89857c2e9f98f2cf759f669cda33;bc1p7vp2ft7xgsh4xm8kdgkyd5ysahq5lxwg9pjg4fnzpyhvajssm3aqdaqpyl;1zmjaxpp
111320;broadcast;6d009a241ce7f6a1b3b738fd8837bd2937daee9eda72b604b7586f9dc292b101i21;c00399a8ac3c3649dd348fd0e79be5a2acab89857c2e9f98f2cf759f669cda33;bc1p7vp2ft7xgsh4xm8kdgkyd5ysahq5lxwg9pjg4fnzpyhvajssm3aqdaqpyl;26ovq6q7
111318;broadcast;6d009a241ce7f6a1b3b738fd8837bd2937daee9eda72b604b7586f9dc292b101i19;7f93d9cd4208182bc83150464a713c611f193444d941027b8f20c0e703f3fc7f;bc1pvca809np68en5cezy4xnfefmn3577a9934tvyzs95kl2ck4smdls9z9szn;1yj10yoa
111323;broadcast;6d009a241ce7f6a1b3b738fd8837bd2937daee9eda72b604b7586f9dc292b101i24;f68d3dbe5870c88b60868ecfb78e00d12fd80e0f64de32c3684bbef7bfda69ad;bc1psdxe9xuvpxh9etaehqpmnz5rsm5thd4emsv3tpk3ctqw28dajzqs2rsek7;2rzhkzwh
111321;broadcast;6d009a241ce7f6a1b3b738fd8837bd2937daee9eda72b604b7586f9dc292b101i22;3517f25967dd9b093672fe02dbce37b2d1c0e1e79f5a4026a03802dd6efca215;bc1pmwhdg4j7s2ur6dcquk0f6z82q8pjukfylax0lh0ve45439zezf8qy70r87;277h7mu5
111322;broadcast;6d009a241ce7f6a1b3b738fd8837bd2937daee9eda72b604b7586f9dc292b101i23;af353b4b6624a8001fd45e42e0769a007b317c83f80296343f9e01c0c372f950;bc1pmwhdg4j7s2ur6dcquk0f6z82q8pjukfylax0lh0ve45439zezf8qy70r87;2m0f5ix5
111325;broadcast;6d009a241ce7f6a1b3b738fd8837bd2937daee9eda72b604b7586f9dc292b101i26;c1ad639ec61cf454b2efb726504abc6aefa4c85ac620d195e38374ebaf508b17;bc1pzuhkk2xnt7qny4htcx3zld4hz6x0j74qy4k25sny95vc2gx52lmq937mv8;302hphv5
111326;broadcast;6d009a241ce7f6a1b3b738fd8837bd2937daee9eda72b604b7586f9dc292b101i27;c1ad639ec61cf454b2efb726504abc6aefa4c85ac620d195e38374ebaf508b17;bc1pzuhkk2xnt7qny4htcx3zld4hz6x0j74qy4k25sny95vc2gx52lmq937mv8;3hritoqz
111327;broadcast;6d009a241ce7f6a1b3b738fd8837bd2937daee9eda72b604b7586f9dc292b101i28;c1ad639ec61cf454b2efb726504abc6aefa4c85ac620d195e38374ebaf508b17;bc1pzuhkk2xnt7qny4htcx3zld4hz6x0j74qy4k25sny95vc2gx52lmq937mv8;3n4v3lta
111324;broadcast;6d009a241ce7f6a1b3b738fd8837bd2937daee9eda72b604b7586f9dc292b101i25;c1ad639ec61cf454b2efb726504abc6aefa4c85ac620d195e38374ebaf508b17;bc1pzuhkk2xnt7qny4htcx3zld4hz6x0j74qy4k25sny95vc2gx52lmq937mv8;2w30xkys
111328;broadcast;6d009a241ce7f6a1b3b738fd8837bd2937daee9eda72b604b7586f9dc292b101i29;b705d5c8cbd6463411ff5b684348b7511b659de3dafb23d42ca5bfc17e991228;bc1p9ekwvq8ej2e8p36u747573yy9ze3yekcgy0yag4gxzrskrvsdrasm5esc2;3volnbej
111329;broadcast;6d009a241ce7f6a1b3b738fd8837bd2937daee9eda72b604b7586f9dc292b101i30;54edea5bf39ee49de44a49f57cae6fc7b22384944deab3c08666f15dda5a8568;bc1pmgmun95ssw8gtjwaxfx3rl7rxkfv5t3ww5uq6jv5tf5cejfvfcesufy8yl;3zfgt8la
111330;broadcast;6d009a241ce7f6a1b3b738fd8837bd2937daee9eda72b604b7586f9dc292b101i31;54edea5bf39ee49de44a49f57cae6fc7b22384944deab3c08666f15dda5a8568;bc1pmgmun95ssw8gtjwaxfx3rl7rxkfv5t3ww5uq6jv5tf5cejfvfcesufy8yl;40nb9k7x
111331;broadcast;6d009a241ce7f6a1b3b738fd8837bd2937daee9eda72b604b7586f9dc292b101i32;54edea5bf39ee49de44a49f57cae6fc7b22384944deab3c08666f15dda5a8568;bc1pmgmun95ssw8gtjwaxfx3rl7rxkfv5t3ww5uq6jv5tf5cejfvfcesufy8yl;43xewl46
111332;broadcast;6d009a241ce7f6a1b3b738fd8837bd2937daee9eda72b604b7586f9dc292b101i33;779cffa7038ed6319d9be7275225ebd982408ba68f6e1366df63b25648eead69;bc1pv5c8tx0xswcj7dvtx8efswa7a0u4ghq6msgprra7999nakwmdkfsmz3hs0;46kya1hb