{
    "levelName": "Harmonic Genesis",
    "key": "C",
    "mode": "major",
    "rescueTargetPercentage": 0.6,
    "processionSpawns": [
        {"time": 1, "type": "standard", "x": 80, "y": 50},
        {"time": 3, "type": "standard", "x": 100, "y": 50},
        {"time": 5, "type": "bassoid", "x": 70, "y": 50},
        {"time": 7, "type": "glissoid", "x": 90, "y": 50},
        {"time": 9, "type": "percussoid", "x": 60, "y": 50},
        {"time": 11, "type": "droneoid", "x": 110, "y": 50}
    ],
    "startZone": {"x": 100, "y": 100, "width": 150, "height": 50},
    "exitZone": {"x": 1180, "y": 650, "width": 100, "height": 100},
    "platforms": [
        {"x": 200, "y": 680, "width": 400, "height": 40},
        {"x": 600, "y": 600, "width": 300, "height": 30},
        {"x": 950, "y": 550, "width": 250, "height": 30},
        {"x": 400, "y": 450, "width": 150, "height": 20, "options": {"angle": -0.2}}, 
        {"x": 700, "y": 350, "width": 100, "height": 20, "options": {"isStatic": false, "friction": 0.05}}
    ],
    "harmonicGates": [
        {
            "x": 750, "y": 500, "width": 80, "height": 150, 
            "requiredChordNotes": [0, 4, 7], "isRelativeChord": true, 
            "options": {"label": "MajorTriadGate"}
        }
    ],
    "dissonanceZones": [
        {"x": 500, "y": 200, "width": 200, "height": 150, "options": {}}
    ],
    "frequencyBridges": [
        {
            "x": 300, "y": 300, "width": 200, "height": 20, 
            "requiredTriad": [0, 7], "isRelativeChord": true, "options": {}
        }
    ],
    "amplitudeFans": [
        {"x": 900, "y": 400, "width": 100, "height": 30, "liftForce": 0.03, "options": {}}
    ],
    "phaseShiftPortals": [
        { 
            "id": "portal_pair_1",
            "teleportTargetFrequency": 440,
            "portalA": {"x": 150, "y": 500, "width": 30, "height": 60, "options": {}},
            "portalB": {"x": 1000, "y": 200, "width": 30, "height": 60, "options": {}}
        }
    ],
    "echoChambers": [
        {"x": 1100, "y": 350, "width": 150, "height": 200, "delayTime": 0.3, "feedback": 0.2, "options": {}}
    ],
    "obstacles": [
        {"x": 450, "y": 650, "width": 50, "height": 50, "type": "lowFreqPlate", "options": {"isStatic": false, "mass": 5}},
        {"x": 650, "y": 300, "width": 20, "height": 20, "type": "rhythmPad", "options": {"isStatic": true, "isSensor":true, "customId":"rp1"}}
    ],
    "bossArenas": []
}