#,seed,score,pauseRate,details
1,"ui234sn5",1,"100%","12/12 pauses"
2,"hkgmeudx",1,"100%","12/12 pauses"
3,"fvfoem7l",1,"100%","12/12 pauses"
4,"c1zf0zx3",1,"100%","12/12 pauses"
5,"cve1nsnh",1,"100%","12/12 pauses"
6,"1nsis5l2",1,"100%","12/12 pauses"
7,"69rf9w4l",1,"100%","12/12 pauses"
8,"ml7a14pa",1,"100%","12/12 pauses"
9,"diz4s6pz",1,"100%","12/12 pauses"
10,"b8pz6885",1,"100%","12/12 pauses"
11,"lzb2ss5a",1,"100%","12/12 pauses"
12,"h2l9ijir",1,"100%","12/12 pauses"
13,"z8dyfw9h",1,"100%","12/12 pauses"
14,"e37757df",1,"100%","12/12 pauses"
15,"j619dd2k",1,"100%","12/12 pauses"
16,"e3z7255r",1,"100%","12/12 pauses"
17,"zjfwqt32",1,"100%","12/12 pauses"
18,"moa02ktq",1,"100%","12/12 pauses"
19,"kaq165tr",1,"100%","12/12 pauses"
20,"cu17klys",1,"100%","12/12 pauses"
21,"zixoh24g",1,"100%","12/12 pauses"
22,"oz24p4tu",1,"100%","12/12 pauses"
23,"bu4eyzrn",1,"100%","12/12 pauses"
24,"o2ys7jll",1,"100%","12/12 pauses"
25,"m7egzbup",1,"100%","12/12 pauses"
26,"00s98qx5",1,"100%","12/12 pauses"
27,"c35d7ouy",1,"100%","12/12 pauses"
28,"4nw00d5h",1,"100%","12/12 pauses"
29,"daayzqqt",1,"100%","12/12 pauses"
30,"lb1ua7hc",1,"100%","12/12 pauses"
31,"8vaquv5f",1,"100%","12/12 pauses"
32,"8syko02u",1,"100%","12/12 pauses"
33,"zsybrquj",1,"100%","12/12 pauses"
34,"166z508v",1,"100%","12/12 pauses"
35,"09nb2faq",1,"100%","12/12 pauses"
36,"psnvdxbc",1,"100%","12/12 pauses"
37,"f0sxyl2c",1,"100%","12/12 pauses"
38,"l825pbqg",1,"100%","12/12 pauses"
39,"dgtucvia",1,"100%","12/12 pauses"
40,"tghzen8n",1,"100%","12/12 pauses"
41,"41aygynr",1,"100%","12/12 pauses"
42,"2sfddbo6",1,"100%","12/12 pauses"
43,"8d9hsrpw",1,"100%","12/12 pauses"
44,"zxuen296",1,"100%","12/12 pauses"
45,"6tnd78gt",1,"100%","12/12 pauses"
46,"ur3xj9vq",1,"100%","12/12 pauses"
47,"52px97k9",1,"100%","12/12 pauses"
48,"22abrymn",1,"100%","12/12 pauses"
49,"vvzk560p",1,"100%","12/12 pauses"
50,"05d1994m",1,"100%","12/12 pauses"
51,"amebadd6",1,"100%","12/12 pauses"
52,"t5p8q6x8",1,"100%","12/12 pauses"
53,"9dhfft45",1,"100%","12/12 pauses"
54,"lhaeo3xx",1,"100%","12/12 pauses"
55,"nzmgu7kd",1,"100%","12/12 pauses"
56,"mmhy7iqv",1,"100%","12/12 pauses"
57,"k36bijt9",1,"100%","12/12 pauses"
58,"z5m94n8g",1,"100%","12/12 pauses"
59,"kv1qfeyx",1,"100%","12/12 pauses"
60,"psnxgpzu",1,"100%","12/12 pauses"
61,"svqjxmgo",1,"100%","12/12 pauses"
62,"3lft8vok",1,"100%","12/12 pauses"
63,"i5gaaltq",1,"100%","12/12 pauses"
64,"gelojmvk",1,"100%","12/12 pauses"
65,"glu9mmmn",1,"100%","12/12 pauses"
66,"7nakfndr",1,"100%","12/12 pauses"
67,"xalyfdea",1,"100%","12/12 pauses"
68,"0frjztqp",1,"100%","12/12 pauses"
69,"fnn36awf",1,"100%","12/12 pauses"
70,"hlx5lad5",1,"100%","12/12 pauses"
71,"zi9pzf4n",1,"100%","12/12 pauses"
72,"mbb2y55s",1,"100%","12/12 pauses"
73,"luqoszt0",1,"100%","12/12 pauses"
74,"f2cq19lb",1,"100%","12/12 pauses"
75,"nso1sgsw",1,"100%","12/12 pauses"
76,"dzv7j29l",1,"100%","12/12 pauses"
77,"rdfvec40",1,"100%","12/12 pauses"
78,"dxj6imsi",1,"100%","12/12 pauses"
79,"pjmi5m5j",1,"100%","12/12 pauses"
80,"s5o7egwz",1,"100%","12/12 pauses"
81,"dtftk303",1,"100%","12/12 pauses"
82,"a894niqk",1,"100%","12/12 pauses"
83,"2b3yb2ak",1,"100%","12/12 pauses"
84,"owd0pcmg",1,"100%","12/12 pauses"
85,"3ddyxdkx",1,"100%","12/12 pauses"
86,"st6m3r3k",1,"100%","12/12 pauses"
87,"4jqvmv0c",1,"100%","12/12 pauses"
88,"3mbmmbwa",1,"100%","12/12 pauses"
89,"gqdgoz1v",1,"100%","12/12 pauses"
90,"mc8b65kj",1,"100%","12/12 pauses"
91,"fxxkxp7f",1,"100%","12/12 pauses"
92,"sj7vh56c",1,"100%","12/12 pauses"
93,"wlef0os8",1,"100%","12/12 pauses"
94,"ga7ikgay",1,"100%","12/12 pauses"
95,"pgri6o2r",1,"100%","12/12 pauses"
96,"r6wkc267",1,"100%","12/12 pauses"
97,"j70ujzm8",1,"100%","12/12 pauses"
98,"xveke8nw",1,"100%","12/12 pauses"
99,"rn53oi8w",1,"100%","12/12 pauses"
100,"x9esxygs",1,"100%","12/12 pauses"
101,"pwjx6vt2",1,"100%","12/12 pauses"
102,"loggjqow",1,"100%","12/12 pauses"
103,"qisqbjbq",1,"100%","12/12 pauses"
104,"6imuw90p",1,"100%","12/12 pauses"
105,"li0egybg",1,"100%","12/12 pauses"
106,"tj6ni4xw",1,"100%","12/12 pauses"
107,"mrsgysh1",1,"100%","12/12 pauses"
108,"jkqe2hzj",1,"100%","12/12 pauses"
109,"t6kj31be",1,"100%","12/12 pauses"
110,"dvf94s8i",1,"100%","12/12 pauses"
111,"mzh4j5nc",1,"100%","12/12 pauses"
112,"ec86x3ck",1,"100%","12/12 pauses"
113,"ps6x7dkv",1,"100%","12/12 pauses"
114,"6tzdh7ii",1,"100%","12/12 pauses"
115,"jm52mwl1",1,"100%","12/12 pauses"
116,"l6uomll4",1,"100%","12/12 pauses"
117,"q43v9zci",1,"100%","12/12 pauses"
118,"vnx8nb3k",1,"100%","12/12 pauses"
119,"mki0hs87",1,"100%","12/12 pauses"
120,"spwb6tfv",1,"100%","12/12 pauses"
121,"o54rvbzp",1,"100%","12/12 pauses"
122,"is03e4sv",1,"100%","12/12 pauses"
123,"0w3msnf5",1,"100%","12/12 pauses"
124,"q0gtyg6j",1,"100%","12/12 pauses"
125,"gl7zdu8i",1,"100%","12/12 pauses"
126,"o8thf87j",1,"100%","12/12 pauses"
127,"xsn24cst",1,"100%","12/12 pauses"
128,"l3bvn82c",1,"100%","12/12 pauses"
129,"6glubhon",1,"100%","12/12 pauses"
130,"jwtj0bl1",1,"100%","12/12 pauses"
131,"ue669diz",1,"100%","12/12 pauses"
132,"h0l1ly43",1,"100%","12/12 pauses"
133,"1dgxc181",1,"100%","12/12 pauses"
134,"qnisedd4",1,"100%","12/12 pauses"
135,"hnotgo2a",1,"100%","12/12 pauses"
136,"vb5bcugx",1,"100%","12/12 pauses"
137,"aammq8rj",1,"100%","12/12 pauses"
138,"3odlo21d",1,"100%","12/12 pauses"
139,"vv2buwq8",1,"100%","12/12 pauses"
140,"lxl4oodr",1,"100%","12/12 pauses"
141,"3tpzgwbb",1,"100%","12/12 pauses"
142,"le3pn0oj",1,"100%","12/12 pauses"
143,"e0f8k1jn",1,"100%","12/12 pauses"
144,"7ir4h9fh",1,"100%","12/12 pauses"
145,"n0g7ti7e",1,"100%","12/12 pauses"
146,"wbwqschf",1,"100%","12/12 pauses"
147,"xwfvj2i7",1,"100%","12/12 pauses"
148,"tzu8qp3n",1,"100%","12/12 pauses"
149,"yg96nw0h",1,"100%","12/12 pauses"
150,"qgbf05v9",1,"100%","12/12 pauses"
151,"0gvw4v1p",1,"100%","12/12 pauses"
152,"r9it6ifs",1,"100%","12/12 pauses"
153,"hat6upj5",1,"100%","12/12 pauses"
154,"bjrpejxu",1,"100%","12/12 pauses"
155,"s5gomcnb",1,"100%","12/12 pauses"
156,"53ph5ige",1,"100%","12/12 pauses"
157,"ex9q6rea",1,"100%","12/12 pauses"
158,"ks6djfi4",1,"100%","12/12 pauses"
159,"vickvdar",1,"100%","12/12 pauses"
160,"u3r1lifr",1,"100%","12/12 pauses"
161,"fx8ewx93",1,"100%","12/12 pauses"
162,"pfcj3aqr",1,"100%","12/12 pauses"
163,"yfove5ur",1,"100%","12/12 pauses"
164,"o6cou3jk",1,"100%","12/12 pauses"
165,"o2z400xz",1,"100%","12/12 pauses"
166,"qgymixxd",1,"100%","12/12 pauses"
167,"gwmjnnd6",1,"100%","12/12 pauses"
168,"6lslic26",1,"100%","12/12 pauses"
169,"u4x90p9a",1,"100%","12/12 pauses"
170,"0jpfijfz",1,"100%","12/12 pauses"
171,"q8ucjuqx",1,"100%","12/12 pauses"
172,"bfx4g53q",1,"100%","12/12 pauses"
173,"9lc2mta3",1,"100%","12/12 pauses"
174,"ip4enwe5",1,"100%","12/12 pauses"
175,"ygj7sl4s",1,"100%","12/12 pauses"
176,"1pxjkfw1",1,"100%","12/12 pauses"
177,"hjkc9ihh",1,"100%","12/12 pauses"
178,"43clnzp0",1,"100%","12/12 pauses"
179,"bkoldnvp",1,"100%","12/12 pauses"
180,"aqxjkirg",1,"100%","12/12 pauses"
181,"k4v4ds1k",1,"100%","12/12 pauses"
182,"k19jmba3",1,"100%","12/12 pauses"
183,"e0kwnli5",1,"100%","12/12 pauses"
184,"emrfadal",1,"100%","12/12 pauses"
185,"xgoyxbrd",1,"100%","12/12 pauses"
186,"8wkqwxny",1,"100%","12/12 pauses"
187,"jo66i5s4",1,"100%","12/12 pauses"
188,"ttqy8xqp",1,"100%","12/12 pauses"
189,"sf0mu4se",1,"100%","12/12 pauses"
190,"i6vts7o4",1,"100%","12/12 pauses"
191,"gmspj89g",1,"100%","12/12 pauses"
192,"qu83waxv",1,"100%","12/12 pauses"
193,"arjeb8ab",1,"100%","12/12 pauses"
194,"dw13djoa",1,"100%","12/12 pauses"
195,"1jex92ie",1,"100%","12/12 pauses"
196,"54qbb3ks",1,"100%","12/12 pauses"
197,"qslftrak",1,"100%","12/12 pauses"
198,"z8hmsuep",1,"100%","12/12 pauses"
199,"rmpyb14l",1,"100%","12/12 pauses"
200,"m8jmlssg",1,"100%","12/12 pauses"
201,"jfc5ew16",1,"100%","12/12 pauses"
202,"l6asrcds",1,"100%","12/12 pauses"
203,"0iggfc5b",1,"100%","12/12 pauses"
204,"fn3mavqq",1,"100%","12/12 pauses"
205,"qizxymu3",1,"100%","12/12 pauses"
206,"d9ivltmv",1,"100%","12/12 pauses"
207,"g3ab48gk",1,"100%","12/12 pauses"
208,"kcvituhk",1,"100%","12/12 pauses"
209,"ehtxcprt",1,"100%","12/12 pauses"
210,"b7mag9h7",1,"100%","12/12 pauses"
211,"a4l9oab3",1,"100%","12/12 pauses"
212,"y70wywfv",1,"100%","12/12 pauses"
213,"46eolwk8",1,"100%","12/12 pauses"
214,"64bw3ty1",1,"100%","12/12 pauses"
215,"tkgi0pqw",1,"100%","12/12 pauses"
216,"2h85rrww",1,"100%","12/12 pauses"
217,"x83wpx41",1,"100%","12/12 pauses"
218,"76mdbrwz",1,"100%","12/12 pauses"
219,"r48ue6mb",1,"100%","12/12 pauses"
220,"jkxddmyw",1,"100%","12/12 pauses"
221,"axi6l6yl",1,"100%","12/12 pauses"
222,"f8r5ze6h",1,"100%","12/12 pauses"
223,"mfh1q5nb",1,"100%","12/12 pauses"
224,"9bfkqt1e",1,"100%","12/12 pauses"
225,"57yfnisx",1,"100%","12/12 pauses"
226,"xmhew8t4",1,"100%","12/12 pauses"
227,"6js5q1iz",1,"100%","12/12 pauses"
228,"4kbn3nfn",1,"100%","12/12 pauses"
229,"nkhm3qch",1,"100%","12/12 pauses"
230,"b51bhcwt",1,"100%","12/12 pauses"
231,"6xnxmtgn",1,"100%","12/12 pauses"
232,"bufzj6pp",1,"100%","12/12 pauses"
233,"gl0waum4",1,"100%","12/12 pauses"
234,"e7acqtkf",1,"100%","12/12 pauses"
235,"x360scx1",1,"100%","12/12 pauses"
236,"9llkynhk",1,"100%","12/12 pauses"
237,"kxezemt6",1,"100%","12/12 pauses"
238,"8kxx7yci",1,"100%","12/12 pauses"
239,"lvxjv08f",1,"100%","12/12 pauses"
240,"hztw8jvc",1,"100%","12/12 pauses"
241,"bv8szsms",1,"100%","12/12 pauses"
242,"gtev2b8i",1,"100%","12/12 pauses"
243,"i0ce94ye",1,"100%","12/12 pauses"
244,"2io6z61p",1,"100%","12/12 pauses"
245,"zp1dhahr",1,"100%","12/12 pauses"
246,"hg7ffa2e",1,"100%","12/12 pauses"
247,"gkdue28m",1,"100%","12/12 pauses"
248,"mfbwzgcd",1,"100%","12/12 pauses"
249,"efsv636v",1,"100%","12/12 pauses"
250,"yjxwv0ji",1,"100%","12/12 pauses"
251,"da0hxe9y",1,"100%","12/12 pauses"
252,"ps9okt30",1,"100%","12/12 pauses"
253,"darv8dzy",1,"100%","12/12 pauses"
254,"stg194st",1,"100%","12/12 pauses"
255,"hkligcf5",1,"100%","12/12 pauses"
256,"6uzaabja",1,"100%","12/12 pauses"
257,"c4vdaggx",1,"100%","12/12 pauses"
258,"4t3nxjb8",1,"100%","12/12 pauses"
259,"oy4t24zg",1,"100%","12/12 pauses"
260,"kwfhczjx",1,"100%","12/12 pauses"
261,"8nsgegcm",1,"100%","12/12 pauses"
262,"mggvam6q",1,"100%","12/12 pauses"
263,"rfx1mba6",1,"100%","12/12 pauses"
264,"vfronhq2",1,"100%","12/12 pauses"
265,"4jkp3zs2",1,"100%","12/12 pauses"
266,"i0yt4xo6",1,"100%","12/12 pauses"
267,"0wm0g7gs",1,"100%","12/12 pauses"
268,"h11agjum",1,"100%","12/12 pauses"
269,"nc2sy4c2",1,"100%","12/12 pauses"
270,"xt699wig",1,"100%","12/12 pauses"
271,"rqlgl7ot",1,"100%","12/12 pauses"
272,"zg2u0ww6",1,"100%","12/12 pauses"
273,"lgsttsd8",1,"100%","12/12 pauses"
274,"vtm1mmuf",1,"100%","12/12 pauses"
275,"lokp7urm",1,"100%","12/12 pauses"
276,"zrkhgs6t",1,"100%","12/12 pauses"
277,"0lothd6b",1,"100%","12/12 pauses"
278,"h6n31iy7",1,"100%","12/12 pauses"
279,"31r9wrgh",1,"100%","12/12 pauses"
280,"s3xdihmj",1,"100%","12/12 pauses"
281,"od21s9fl",1,"100%","12/12 pauses"
282,"7q1koffh",1,"100%","12/12 pauses"
283,"v5l4k12q",1,"100%","12/12 pauses"
284,"smwkl60k",1,"100%","12/12 pauses"
285,"rgvshbpx",1,"100%","12/12 pauses"
286,"m1dpb33b",1,"100%","12/12 pauses"
287,"jxcurxm5",1,"100%","12/12 pauses"
288,"jmjg6bje",1,"100%","12/12 pauses"
289,"qxeehj5o",1,"100%","12/12 pauses"
290,"hkdqs2w0",1,"100%","12/12 pauses"
291,"vpsx3vxl",1,"100%","12/12 pauses"
292,"0mbgl2mm",1,"100%","12/12 pauses"
293,"btp8yq87",1,"100%","12/12 pauses"
294,"7q267bg9",1,"100%","12/12 pauses"
295,"xe9cpo26",1,"100%","12/12 pauses"
296,"v651chni",1,"100%","12/12 pauses"
297,"ce7bs288",1,"100%","12/12 pauses"
298,"pi6lnntm",1,"100%","12/12 pauses"
299,"dyrb29w8",1,"100%","12/12 pauses"
300,"o1za4mcj",1,"100%","12/12 pauses"
301,"tozg2zzx",1,"100%","12/12 pauses"
302,"rov3ibpl",1,"100%","12/12 pauses"
303,"7sl3xsbn",1,"100%","12/12 pauses"
304,"eq6cnejv",1,"100%","12/12 pauses"
305,"p1dd4h5l",1,"100%","12/12 pauses"
306,"7utgspcy",1,"100%","12/12 pauses"
307,"5fefwhwn",1,"100%","12/12 pauses"
308,"h6dg99mh",1,"100%","12/12 pauses"
309,"ayxgkaep",1,"100%","12/12 pauses"
310,"vx2tuvb9",1,"100%","12/12 pauses"
311,"oppet6u8",1,"100%","12/12 pauses"
312,"ywy3ieah",1,"100%","12/12 pauses"
313,"ncmkhz4l",1,"100%","12/12 pauses"
314,"kfeln5nq",1,"100%","12/12 pauses"
315,"bdmob4y1",1,"100%","12/12 pauses"
316,"otgtbnck",1,"100%","12/12 pauses"
317,"n8zwg8xk",1,"100%","12/12 pauses"
318,"995jrv3h",1,"100%","12/12 pauses"
319,"7mkvqp0k",1,"100%","12/12 pauses"
320,"cjmgqs3g",1,"100%","12/12 pauses"
321,"7p7acvlq",1,"100%","12/12 pauses"
322,"gl02jmcf",1,"100%","12/12 pauses"
323,"q2tb0cr8",1,"100%","12/12 pauses"
324,"13t7nlbg",1,"100%","12/12 pauses"
325,"eqlj6tyw",1,"100%","12/12 pauses"
326,"44ocwc7o",1,"100%","12/12 pauses"
327,"5tolmpps",1,"100%","12/12 pauses"
328,"bniwr8go",1,"100%","12/12 pauses"
329,"tfnnfbjl",1,"100%","12/12 pauses"
330,"ag63zfb4",1,"100%","12/12 pauses"
331,"4pbz9gtt",1,"100%","12/12 pauses"
332,"c5mlycne",1,"100%","12/12 pauses"
333,"4mogsk3l",1,"100%","12/12 pauses"
334,"zonqn7k1",1,"100%","12/12 pauses"
335,"hj9tq4ib",1,"100%","12/12 pauses"
336,"yrtpj0dz",1,"100%","12/12 pauses"
337,"sg5ttg5k",1,"100%","12/12 pauses"
338,"jc93ftmi",1,"100%","12/12 pauses"
339,"msy9dd25",1,"100%","12/12 pauses"
340,"1ijyx4mm",1,"100%","12/12 pauses"
341,"7d2dqn6v",1,"100%","12/12 pauses"
342,"f057seyu",1,"100%","12/12 pauses"
343,"oh8c0mho",1,"100%","12/12 pauses"
344,"xsnject9",1,"100%","12/12 pauses"
345,"fftri1gq",1,"100%","12/12 pauses"
346,"rky1myw3",1,"100%","12/12 pauses"
347,"aw69dbs2",1,"100%","12/12 pauses"
348,"wj3dkuvb",1,"100%","12/12 pauses"
349,"8pnjskpf",1,"100%","12/12 pauses"
350,"z86h06q3",1,"100%","12/12 pauses"
351,"woy740h8",1,"100%","12/12 pauses"
352,"les9rc7c",1,"100%","12/12 pauses"
353,"kp16mn1e",1,"100%","12/12 pauses"
354,"xyw3yp9p",1,"100%","12/12 pauses"
355,"1u8qe3zx",1,"100%","12/12 pauses"
356,"kdls9l1a",1,"100%","12/12 pauses"
357,"5aet5u66",1,"100%","12/12 pauses"
358,"7phimn88",1,"100%","12/12 pauses"
359,"ur20zlde",1,"100%","12/12 pauses"
360,"ltxldyx1",1,"100%","12/12 pauses"
361,"1ldlskzk",1,"100%","12/12 pauses"
362,"r92ymumi",1,"100%","12/12 pauses"
363,"fsnxm3a7",1,"100%","12/12 pauses"
364,"zgzb7kco",1,"100%","12/12 pauses"
365,"r0gc8xbs",1,"100%","12/12 pauses"
366,"bxra2ckr",1,"100%","12/12 pauses"
367,"pony0a01",1,"100%","12/12 pauses"
368,"zzmoaljx",1,"100%","12/12 pauses"
369,"erldfc8v",1,"100%","12/12 pauses"
370,"j3xr4z9x",1,"100%","12/12 pauses"
371,"etf2t1f2",1,"100%","12/12 pauses"
372,"ehdijjni",1,"100%","12/12 pauses"
373,"8x6w0csq",1,"100%","12/12 pauses"
374,"qqfxkdh8",1,"100%","12/12 pauses"
375,"c7gsi683",1,"100%","12/12 pauses"
376,"tmg5ze13",1,"100%","12/12 pauses"
377,"699tjt6o",1,"100%","12/12 pauses"
378,"g0m4c1qg",1,"100%","12/12 pauses"
379,"wwnhi869",1,"100%","12/12 pauses"
380,"mwklfvqe",1,"100%","12/12 pauses"
381,"xtbsy8u3",1,"100%","12/12 pauses"
382,"yo03dqx1",1,"100%","12/12 pauses"
383,"xzt1w14j",1,"100%","12/12 pauses"
384,"xut0seuh",1,"100%","12/12 pauses"
385,"twp4e2us",1,"100%","12/12 pauses"
386,"0a67jsve",1,"100%","12/12 pauses"
387,"wo6v6gef",1,"100%","12/12 pauses"
388,"j2i0wprq",1,"100%","12/12 pauses"
389,"ira7gh0h",1,"100%","12/12 pauses"
390,"mri9cesj",1,"100%","12/12 pauses"
391,"dfgmys8s",1,"100%","12/12 pauses"
392,"cckvhiy6",1,"100%","12/12 pauses"
393,"ov7rkyyl",1,"100%","12/12 pauses"
394,"ycl38no6",1,"100%","12/12 pauses"
395,"q07r7o0j",1,"100%","12/12 pauses"
396,"q8rbjp7q",1,"100%","12/12 pauses"
397,"6rroo4r7",1,"100%","12/12 pauses"
398,"eoteknm6",1,"100%","12/12 pauses"
399,"op338l92",1,"100%","12/12 pauses"
400,"gvn43dyz",1,"100%","12/12 pauses"
401,"yjo02ecu",1,"100%","12/12 pauses"
402,"h4ckbnb6",1,"100%","12/12 pauses"
403,"gqv4ajrm",1,"100%","12/12 pauses"
404,"qmktfddx",1,"100%","12/12 pauses"
405,"0o5dikqx",1,"100%","12/12 pauses"
406,"m3j7pt64",1,"100%","12/12 pauses"
407,"gre44ea1",1,"100%","12/12 pauses"
408,"xrhy6a7j",1,"100%","12/12 pauses"
409,"s202hfn6",1,"100%","12/12 pauses"
410,"2g4grxd4",1,"100%","12/12 pauses"
411,"e7vxgbcb",1,"100%","12/12 pauses"
412,"3sdb7kgw",1,"100%","12/12 pauses"
413,"720lshl2",1,"100%","12/12 pauses"
414,"vpq4x917",1,"100%","12/12 pauses"
415,"87llz7m8",1,"100%","12/12 pauses"
416,"lj0df6iu",1,"100%","12/12 pauses"
417,"2qlqwjw2",1,"100%","12/12 pauses"
418,"vkvh4fy3",1,"100%","12/12 pauses"
419,"l7t3ek77",1,"100%","12/12 pauses"
420,"6z3rtqok",1,"100%","12/12 pauses"
421,"edpab1lr",1,"100%","12/12 pauses"
422,"5lui230e",1,"100%","12/12 pauses"
423,"296ixnt1",1,"100%","12/12 pauses"
424,"2lrpzx32",1,"100%","12/12 pauses"
425,"gbbhro2m",1,"100%","12/12 pauses"
426,"a144djon",1,"100%","12/12 pauses"
427,"ic7jau0e",1,"100%","12/12 pauses"
428,"32xpan0u",1,"100%","12/12 pauses"
429,"user0cqp",1,"100%","12/12 pauses"
430,"a0k8hgoy",1,"100%","12/12 pauses"
431,"io8uhvhk",1,"100%","12/12 pauses"
432,"cxp3nhrt",1,"100%","12/12 pauses"
433,"bsgv94my",1,"100%","12/12 pauses"
434,"qrnixp5t",1,"100%","12/12 pauses"
435,"x8fxqpn2",1,"100%","12/12 pauses"
436,"sdynj7fw",1,"100%","12/12 pauses"
437,"c6q8q7v1",1,"100%","12/12 pauses"
438,"maaunwn3",1,"100%","12/12 pauses"
439,"gmwa0hf7",1,"100%","12/12 pauses"
440,"qx7ioc99",1,"100%","12/12 pauses"
441,"9rbtvqxc",1,"100%","12/12 pauses"
442,"fccc8mo2",1,"100%","12/12 pauses"
443,"w93scs0m",1,"100%","12/12 pauses"
444,"pwa82o5y",1,"100%","12/12 pauses"
445,"5nbkxzuq",1,"100%","12/12 pauses"
446,"1t4j9xsf",1,"100%","12/12 pauses"
447,"cisbpapy",1,"100%","12/12 pauses"
448,"fnj9y6zp",1,"100%","12/12 pauses"
449,"nmarfrlo",1,"100%","12/12 pauses"
450,"v8u9bi2d",1,"100%","12/12 pauses"
451,"c9oj6ryw",1,"100%","12/12 pauses"
452,"x2cw8yq0",1,"100%","12/12 pauses"
453,"sqmktvoi",1,"100%","12/12 pauses"
454,"d6kiv5q2",1,"100%","12/12 pauses"
455,"orz1n4w3",1,"100%","12/12 pauses"
456,"r8mvno76",1,"100%","12/12 pauses"
457,"1s3a5lwa",1,"100%","12/12 pauses"
458,"xrq772bl",1,"100%","12/12 pauses"
459,"1e88t4r6",1,"100%","12/12 pauses"
460,"l4hqw2bt",1,"100%","12/12 pauses"
461,"u33qfgk3",1,"100%","12/12 pauses"
462,"4n9ghupy",1,"100%","12/12 pauses"
463,"on9dgkrh",1,"100%","12/12 pauses"
464,"2hag8x12",1,"100%","12/12 pauses"
465,"lffrwmyp",1,"100%","12/12 pauses"
466,"49xp0mch",1,"100%","12/12 pauses"
467,"86izxbeg",1,"100%","12/12 pauses"
468,"sj3xv4wz",1,"100%","12/12 pauses"
469,"eh2m3av1",1,"100%","12/12 pauses"
470,"2jur2pqo",1,"100%","12/12 pauses"
471,"thekzyjq",1,"100%","12/12 pauses"
472,"o47n478o",1,"100%","12/12 pauses"
473,"davwgqnz",1,"100%","12/12 pauses"
474,"5sgrdrt1",1,"100%","12/12 pauses"
475,"ec9nj0uw",1,"100%","12/12 pauses"
476,"5cuarh9g",1,"100%","12/12 pauses"
477,"9btsm1q3",1,"100%","12/12 pauses"
478,"q6vbuowg",1,"100%","12/12 pauses"
479,"4drixq1a",1,"100%","12/12 pauses"
480,"hctz5fcf",1,"100%","12/12 pauses"
481,"ap7abyex",1,"100%","12/12 pauses"
482,"nmhdoib1",1,"100%","12/12 pauses"
483,"9wuu0jqv",1,"100%","12/12 pauses"
484,"1onvmmws",1,"100%","12/12 pauses"
485,"7k00ib22",1,"100%","12/12 pauses"
486,"z0ct5vi2",1,"100%","12/12 pauses"
487,"37zmj4hp",1,"100%","12/12 pauses"
488,"1t0bitw9",1,"100%","12/12 pauses"
489,"hxijj1ci",1,"100%","12/12 pauses"
490,"gifiyg2n",1,"100%","12/12 pauses"
491,"43tm4yne",1,"100%","12/12 pauses"
492,"m5r5pr92",1,"100%","12/12 pauses"
493,"jri8ncnz",1,"100%","12/12 pauses"
494,"zo782arp",1,"100%","12/12 pauses"
495,"ocx9k0lj",1,"100%","12/12 pauses"
496,"54jyox5i",1,"100%","12/12 pauses"
497,"t5qbr4vw",1,"100%","12/12 pauses"
498,"lh2e2jud",1,"100%","12/12 pauses"
499,"hv96lnwy",1,"100%","12/12 pauses"
500,"xaprumxs",1,"100%","12/12 pauses"
501,"a3ybc5ue",1,"100%","12/12 pauses"
502,"r67dn7is",1,"100%","12/12 pauses"
503,"9n96xdpa",1,"100%","12/12 pauses"
504,"s8miwoya",1,"100%","12/12 pauses"
505,"uv986jzo",1,"100%","12/12 pauses"
506,"86uqbz4y",1,"100%","12/12 pauses"
507,"y91qzljj",1,"100%","12/12 pauses"
508,"s2eoqtzc",1,"100%","12/12 pauses"
509,"a1i9b02q",1,"100%","12/12 pauses"
510,"4dk2kt3e",1,"100%","12/12 pauses"
511,"q584s2tl",1,"100%","12/12 pauses"
512,"rf9slofa",1,"100%","12/12 pauses"
513,"qpjymoxb",1,"100%","12/12 pauses"
514,"cb27tzry",1,"100%","12/12 pauses"
515,"v4oha1ll",1,"100%","12/12 pauses"
516,"iihe5c5u",1,"100%","12/12 pauses"
517,"rtn4zl2x",1,"100%","12/12 pauses"
518,"dbise29r",1,"100%","12/12 pauses"
519,"opqgyqml",1,"100%","12/12 pauses"
520,"qwg5g8fw",1,"100%","12/12 pauses"
521,"ryplts1p",1,"100%","12/12 pauses"
522,"2teywx05",1,"100%","12/12 pauses"
523,"duedgliz",1,"100%","12/12 pauses"
524,"nwl0rnqi",1,"100%","12/12 pauses"
525,"y8wixt56",1,"100%","12/12 pauses"
526,"xaipm4fy",1,"100%","12/12 pauses"
527,"cn7eplf1",1,"100%","12/12 pauses"
528,"4lej3ifg",1,"100%","12/12 pauses"
529,"fwoahmq3",1,"100%","12/12 pauses"
530,"jkdppqqb",1,"100%","12/12 pauses"
531,"jkdw4u2p",1,"100%","12/12 pauses"
532,"et2fh2zk",1,"100%","12/12 pauses"
533,"rf3yrunt",1,"100%","12/12 pauses"
534,"qd3nw4x3",1,"100%","12/12 pauses"
535,"rjqp6fri",1,"100%","12/12 pauses"
536,"35e5159s",1,"100%","12/12 pauses"
537,"q3isoo8e",1,"100%","12/12 pauses"
538,"118fmyuj",1,"100%","12/12 pauses"
539,"1vgsfv5j",1,"100%","12/12 pauses"
540,"9d1ocfwb",1,"100%","12/12 pauses"
541,"e30ay5jb",1,"100%","12/12 pauses"
542,"4e7kxhlt",1,"100%","12/12 pauses"
543,"f4n72hro",1,"100%","12/12 pauses"
544,"4gpo03hu",1,"100%","12/12 pauses"
545,"mwe40khn",1,"100%","12/12 pauses"
546,"7g1qt9g6",1,"100%","12/12 pauses"
547,"1u224o7x",1,"100%","12/12 pauses"
548,"wkjyh8zd",1,"100%","12/12 pauses"
549,"dreej42g",1,"100%","12/12 pauses"
550,"d6o399o4",1,"100%","12/12 pauses"
551,"uosevt0l",1,"100%","12/12 pauses"
552,"eym7qzq5",1,"100%","12/12 pauses"
553,"9hma0s7u",1,"100%","12/12 pauses"
554,"gusfaarb",1,"100%","12/12 pauses"
555,"w5qrhjq4",1,"100%","12/12 pauses"
556,"qzrw3cik",1,"100%","12/12 pauses"
557,"wtg59vx6",1,"100%","12/12 pauses"
558,"rts77hhv",1,"100%","12/12 pauses"
559,"s24no2rt",1,"100%","12/12 pauses"
560,"ylzqkf82",1,"100%","12/12 pauses"
561,"tz0c4pdz",1,"100%","12/12 pauses"
562,"prz2eb3d",1,"100%","12/12 pauses"
563,"6az0i6lq",1,"100%","12/12 pauses"
564,"octiapci",1,"100%","12/12 pauses"
565,"1cr2umyw",1,"100%","12/12 pauses"
566,"eijx9e5b",1,"100%","12/12 pauses"
567,"gvcr9wnp",1,"100%","12/12 pauses"
568,"x302wdeg",1,"100%","12/12 pauses"
569,"65fcx3k7",1,"100%","12/12 pauses"
570,"lenf8107",1,"100%","12/12 pauses"
571,"c9aqdngo",1,"100%","12/12 pauses"
572,"6geyn1qj",1,"100%","12/12 pauses"
573,"dukvfahv",1,"100%","12/12 pauses"
574,"43g6xjdj",1,"100%","12/12 pauses"
575,"n5ct1yhs",1,"100%","12/12 pauses"
576,"vmunbo46",1,"100%","12/12 pauses"
577,"3o621u51",1,"100%","12/12 pauses"
578,"8gc4ufew",1,"100%","12/12 pauses"
579,"5wot20za",1,"100%","12/12 pauses"
580,"5wibfh41",1,"100%","12/12 pauses"
581,"okgwqg7c",1,"100%","12/12 pauses"
582,"emc8f4vq",1,"100%","12/12 pauses"
583,"1uj5djcn",1,"100%","12/12 pauses"
584,"rsf7dskx",1,"100%","12/12 pauses"
585,"kn3h77xi",1,"100%","12/12 pauses"
586,"d407j93a",1,"100%","12/12 pauses"
587,"a5o6dut9",1,"100%","12/12 pauses"
588,"8vfbtpsa",1,"100%","12/12 pauses"
589,"izwy59v5",1,"100%","12/12 pauses"
590,"ngc63x5y",1,"100%","12/12 pauses"
591,"sb73y69v",1,"100%","12/12 pauses"
592,"jepfz4d3",1,"100%","12/12 pauses"
593,"zhg1ll2u",1,"100%","12/12 pauses"
594,"uhtfyfyy",1,"100%","12/12 pauses"
595,"5n5w7n09",1,"100%","12/12 pauses"
596,"q75zi68j",1,"100%","12/12 pauses"
597,"yqsphvho",1,"100%","12/12 pauses"
598,"e8ffflha",1,"100%","12/12 pauses"
599,"1qm81g80",1,"100%","12/12 pauses"
600,"nhma1o5o",1,"100%","12/12 pauses"
601,"am70utou",1,"100%","12/12 pauses"
602,"f97zkw72",1,"100%","12/12 pauses"
603,"w6rbkde7",1,"100%","12/12 pauses"
604,"eq4mv7ib",1,"100%","12/12 pauses"
605,"xcus5vxd",1,"100%","12/12 pauses"
606,"vrxm536n",1,"100%","12/12 pauses"
607,"8q673z1s",1,"100%","12/12 pauses"
608,"0lk0rmv6",1,"100%","12/12 pauses"
609,"t5l371dz",1,"100%","12/12 pauses"
610,"pypgsep9",1,"100%","12/12 pauses"
611,"sp7a0zei",1,"100%","12/12 pauses"
612,"3bxyyvst",1,"100%","12/12 pauses"
613,"es2gkget",1,"100%","12/12 pauses"
614,"1e8svpja",1,"100%","12/12 pauses"
615,"mwloo6cv",1,"100%","12/12 pauses"
616,"ydxixnmu",1,"100%","12/12 pauses"
617,"5ja35vsk",1,"100%","12/12 pauses"
618,"haxmp0wh",1,"100%","12/12 pauses"
619,"9e3v8sbr",1,"100%","12/12 pauses"
620,"9e9e8nda",1,"100%","12/12 pauses"
621,"7do1ajky",1,"100%","12/12 pauses"
622,"wpdgogo1",1,"100%","12/12 pauses"
623,"7r09m67o",1,"100%","12/12 pauses"
624,"tqlfzgw4",1,"100%","12/12 pauses"
625,"gzv6eppo",1,"100%","12/12 pauses"
626,"fimblz6n",1,"100%","12/12 pauses"
627,"w1p3zbnw",1,"100%","12/12 pauses"
628,"vxgg5a12",1,"100%","12/12 pauses"
629,"zm34rtu5",1,"100%","12/12 pauses"
630,"en24r6yq",1,"100%","12/12 pauses"
631,"y7lwbgmo",1,"100%","12/12 pauses"
632,"0o9u9i1l",1,"100%","12/12 pauses"
633,"zvuva37n",1,"100%","12/12 pauses"
634,"prlpq548",1,"100%","12/12 pauses"
635,"iqt7gqfs",1,"100%","12/12 pauses"
636,"nyhgf3yu",1,"100%","12/12 pauses"
637,"opcwmgan",1,"100%","12/12 pauses"
638,"5hhryw4a",1,"100%","12/12 pauses"
639,"qgy4v6x3",1,"100%","12/12 pauses"
640,"elqjtea7",1,"100%","12/12 pauses"
641,"d68ql5g4",1,"100%","12/12 pauses"
642,"1alx49s3",1,"100%","12/12 pauses"
643,"vprvssx9",1,"100%","12/12 pauses"
644,"j1ophqis",1,"100%","12/12 pauses"
645,"ysu4752w",1,"100%","12/12 pauses"
646,"t4jkhmio",1,"100%","12/12 pauses"
647,"7jgr2208",1,"100%","12/12 pauses"
648,"jynk8fjl",1,"100%","12/12 pauses"
649,"2rzj5tu3",1,"100%","12/12 pauses"
650,"ftqa21iz",1,"100%","12/12 pauses"
651,"gqsby18t",1,"100%","12/12 pauses"
652,"3mukmian",1,"100%","12/12 pauses"
653,"maysnuo2",1,"100%","12/12 pauses"
654,"l9z4tk0k",1,"100%","12/12 pauses"
655,"87h4zyl8",1,"100%","12/12 pauses"
656,"yoxc7m8k",1,"100%","12/12 pauses"
657,"9y78g9q4",1,"100%","12/12 pauses"
658,"mbt4f9wl",1,"100%","12/12 pauses"
659,"933q3nmv",1,"100%","12/12 pauses"
660,"vtil5i34",1,"100%","12/12 pauses"
661,"dlvfjgdb",1,"100%","12/12 pauses"
662,"a7oygqhr",1,"100%","12/12 pauses"
663,"hk7l8tab",1,"100%","12/12 pauses"
664,"mfwh6lg5",1,"100%","12/12 pauses"
665,"9tplasrp",1,"100%","12/12 pauses"
666,"gyrcwsvw",1,"100%","12/12 pauses"
667,"41tzjf5y",1,"100%","12/12 pauses"
668,"1yodgqm8",1,"100%","12/12 pauses"
669,"4zjywl97",1,"100%","12/12 pauses"
670,"iyjtsfuw",1,"100%","12/12 pauses"
671,"bssd8a2q",1,"100%","12/12 pauses"
672,"rwgyhc0e",1,"100%","12/12 pauses"
673,"kpfqkzct",1,"100%","12/12 pauses"
674,"8ltud9y9",1,"100%","12/12 pauses"
675,"ocdj6ikw",1,"100%","12/12 pauses"
676,"cbpb7feq",1,"100%","12/12 pauses"
677,"0viojpzc",1,"100%","12/12 pauses"
678,"zbog86q8",1,"100%","12/12 pauses"
679,"3guvucau",1,"100%","12/12 pauses"
680,"gdkl623o",1,"100%","12/12 pauses"
681,"4z0eyvof",1,"100%","12/12 pauses"
682,"38zm2nnj",1,"100%","12/12 pauses"
683,"xz0a981t",1,"100%","12/12 pauses"
684,"3byk4djx",1,"100%","12/12 pauses"
685,"g831i5u2",1,"100%","12/12 pauses"
686,"k54avcrf",1,"100%","12/12 pauses"
687,"f6vgcqiy",1,"100%","12/12 pauses"
688,"s9iuy9ub",1,"100%","12/12 pauses"
689,"shom6iyn",1,"100%","12/12 pauses"
690,"mhlnz3z0",1,"100%","12/12 pauses"
691,"zxf1idex",1,"100%","12/12 pauses"
692,"bsxi13iv",1,"100%","12/12 pauses"
693,"auu34x86",1,"100%","12/12 pauses"
694,"kelzbn4s",1,"100%","12/12 pauses"
695,"sobjycjx",1,"100%","12/12 pauses"
696,"h8tyqt9x",1,"100%","12/12 pauses"
697,"ncce34sg",1,"100%","12/12 pauses"
698,"fqxit62q",1,"100%","12/12 pauses"
699,"ji89ltpl",1,"100%","12/12 pauses"
700,"j25us7dn",1,"100%","12/12 pauses"
701,"6v5vrlgg",1,"100%","12/12 pauses"
702,"erxc7ivq",1,"100%","12/12 pauses"
703,"49g8q2ko",1,"100%","12/12 pauses"
704,"0aim6h9o",1,"100%","12/12 pauses"
705,"987ln6kw",1,"100%","12/12 pauses"
706,"mi1znwhu",1,"100%","12/12 pauses"
707,"ycvkxr7x",1,"100%","12/12 pauses"
708,"xdw6eq4p",1,"100%","12/12 pauses"
709,"cu6ow340",1,"100%","12/12 pauses"
710,"s53dno59",1,"100%","12/12 pauses"
711,"dv2novmw",1,"100%","12/12 pauses"
712,"n2m06mvi",1,"100%","12/12 pauses"
713,"iajt9rqi",1,"100%","12/12 pauses"
714,"jdko0m8m",1,"100%","12/12 pauses"
715,"6azuy205",1,"100%","12/12 pauses"
716,"dtblz56l",1,"100%","12/12 pauses"
717,"mouxiyw3",1,"100%","12/12 pauses"
718,"k6yvk374",1,"100%","12/12 pauses"
719,"bex9jpwc",1,"100%","12/12 pauses"
720,"zwwpf0b2",1,"100%","12/12 pauses"
721,"jllztesy",1,"100%","12/12 pauses"
722,"af43stbm",1,"100%","12/12 pauses"
723,"ie1dszcl",1,"100%","12/12 pauses"
724,"aginh3qf",1,"100%","12/12 pauses"
725,"y4yern6z",1,"100%","12/12 pauses"
726,"dh4vfyvi",1,"100%","12/12 pauses"
727,"e5f88hgz",1,"100%","12/12 pauses"
728,"uxw59w4z",1,"100%","12/12 pauses"
729,"epq5cyt9",1,"100%","12/12 pauses"
730,"dhc28ny2",1,"100%","12/12 pauses"
731,"6qyu4ehu",1,"100%","12/12 pauses"
732,"brqzod12",1,"100%","12/12 pauses"
733,"40h5onci",1,"100%","12/12 pauses"
734,"66pqsget",1,"100%","12/12 pauses"
735,"qsdqv15j",1,"100%","12/12 pauses"
736,"kuj6u82t",1,"100%","12/12 pauses"
737,"hf766mtp",1,"100%","12/12 pauses"
738,"2vzxwif2",1,"100%","12/12 pauses"
739,"tbv9p75t",1,"100%","12/12 pauses"
740,"5pmm746f",1,"100%","12/12 pauses"
741,"4w67327k",1,"100%","12/12 pauses"
742,"yxfobokd",1,"100%","12/12 pauses"
743,"grzsv3kw",1,"100%","12/12 pauses"
744,"6mky2mww",1,"100%","12/12 pauses"
745,"0xjjt150",1,"100%","12/12 pauses"
746,"yvbuzkxn",1,"100%","12/12 pauses"
747,"ayb1b68a",1,"100%","12/12 pauses"
748,"evsjnv9a",1,"100%","12/12 pauses"
749,"tzwstrz7",1,"100%","12/12 pauses"
750,"aolgmzgs",1,"100%","12/12 pauses"
751,"u6ic1iyc",1,"100%","12/12 pauses"
752,"t93y9vq6",1,"100%","12/12 pauses"
753,"j51bryhh",1,"100%","12/12 pauses"
754,"vm25jx61",1,"100%","12/12 pauses"
755,"1i3bd8vt",1,"100%","12/12 pauses"
756,"3jjl6r0o",1,"100%","12/12 pauses"
757,"24wqa5t4",1,"100%","12/12 pauses"
758,"ifc9kitp",1,"100%","12/12 pauses"
759,"k6w1r42b",1,"100%","12/12 pauses"
760,"se9ur7d1",1,"100%","12/12 pauses"
761,"dy2ugcla",1,"100%","12/12 pauses"
762,"3z7l8ifr",1,"100%","12/12 pauses"
763,"8anegr99",1,"100%","12/12 pauses"
764,"by83wzrx",1,"100%","12/12 pauses"
765,"6ygzi2hx",1,"100%","12/12 pauses"
766,"vg4m3si5",1,"100%","12/12 pauses"
767,"gs4da9w1",1,"100%","12/12 pauses"
768,"9rgf8b1n",1,"100%","12/12 pauses"
769,"cpv1d3w3",1,"100%","12/12 pauses"
770,"zojixdou",1,"100%","12/12 pauses"
771,"ns6ikg73",1,"100%","12/12 pauses"
772,"ass1e0m9",1,"100%","12/12 pauses"
773,"fsjzb06t",1,"100%","12/12 pauses"
774,"og9doj7a",1,"100%","12/12 pauses"
775,"0ymmowds",1,"100%","12/12 pauses"
776,"vdemjxz1",1,"100%","12/12 pauses"
777,"u4kkanhw",1,"100%","12/12 pauses"
778,"wxzt9omk",1,"100%","12/12 pauses"
779,"f21kubj8",1,"100%","12/12 pauses"
780,"z7pjfulj",1,"100%","12/12 pauses"
781,"flm0nix8",1,"100%","12/12 pauses"
782,"y016rmob",1,"100%","12/12 pauses"
783,"ax0w6iml",1,"100%","12/12 pauses"
784,"86yntvwn",1,"100%","12/12 pauses"
785,"6ynhstql",1,"100%","12/12 pauses"
786,"yrp1jkqj",1,"100%","12/12 pauses"
787,"dtqodpye",1,"100%","12/12 pauses"
788,"qy28svq8",1,"100%","12/12 pauses"
789,"ve2mb50m",1,"100%","12/12 pauses"
790,"66egir0m",1,"100%","12/12 pauses"
791,"gvzbzdzo",1,"100%","12/12 pauses"
792,"67r7umk3",1,"100%","12/12 pauses"
793,"i73bxar5",1,"100%","12/12 pauses"
794,"j4xcvc9u",1,"100%","12/12 pauses"
795,"tbvvn68f",1,"100%","12/12 pauses"
796,"m8ldu6fy",1,"100%","12/12 pauses"
797,"dbt42ue4",1,"100%","12/12 pauses"
798,"tvieemtz",1,"100%","12/12 pauses"
799,"dwcyyo3r",1,"100%","12/12 pauses"
800,"kqxwsfn1",1,"100%","12/12 pauses"
801,"63g2u07c",1,"100%","12/12 pauses"
802,"riiksrd6",1,"100%","12/12 pauses"
803,"9ohbw9xt",1,"100%","12/12 pauses"
804,"gl838cyh",1,"100%","12/12 pauses"
805,"o840ivlb",1,"100%","12/12 pauses"
806,"ncqlrodp",1,"100%","12/12 pauses"
807,"anmjoqev",1,"100%","12/12 pauses"
808,"y06b8t2u",1,"100%","12/12 pauses"
809,"psboelkw",1,"100%","12/12 pauses"
810,"exooc21y",1,"100%","12/12 pauses"
811,"xfr3vrec",1,"100%","12/12 pauses"
812,"7bi0auz2",1,"100%","12/12 pauses"
813,"n0sshxui",1,"100%","12/12 pauses"
814,"0t9lcoae",1,"100%","12/12 pauses"
815,"n3izretb",1,"100%","12/12 pauses"
816,"rigrcmiy",1,"100%","12/12 pauses"
817,"1dxmcj5a",1,"100%","12/12 pauses"
818,"9na8915b",1,"100%","12/12 pauses"
819,"6qt1fjm2",1,"100%","12/12 pauses"
820,"rj6pjv7u",1,"100%","12/12 pauses"
821,"xusw2ewh",1,"100%","12/12 pauses"
822,"7f13xbyf",1,"100%","12/12 pauses"
823,"0h274w36",1,"100%","12/12 pauses"
824,"gm1nnfr5",1,"100%","12/12 pauses"
825,"f5icth2c",1,"100%","12/12 pauses"
826,"ysfgwfcv",1,"100%","12/12 pauses"
827,"5zbtq0b6",1,"100%","12/12 pauses"
828,"vvvnagsq",1,"100%","12/12 pauses"
829,"sqquwdb6",1,"100%","12/12 pauses"
830,"inqpn864",1,"100%","12/12 pauses"
831,"ql0e2ewk",1,"100%","12/12 pauses"
832,"zq5kwven",1,"100%","12/12 pauses"
833,"ke9dbvtr",1,"100%","12/12 pauses"
834,"azbvjdel",1,"100%","12/12 pauses"
835,"44d7augl",1,"100%","12/12 pauses"
836,"696evv2y",1,"100%","12/12 pauses"
837,"05y4suh4",1,"100%","12/12 pauses"
838,"t3fdicpg",1,"100%","12/12 pauses"
839,"smvruguy",1,"100%","12/12 pauses"
840,"macyxqma",1,"100%","12/12 pauses"
841,"n33mxgut",1,"100%","12/12 pauses"
842,"jrp0sbzj",1,"100%","12/12 pauses"
843,"z7667s81",1,"100%","12/12 pauses"
844,"6rpoirnn",1,"100%","12/12 pauses"
845,"zrxioagx",1,"100%","12/12 pauses"
846,"mcxtix8v",1,"100%","12/12 pauses"
847,"ejweq7uf",1,"100%","12/12 pauses"
848,"aswbv1rp",1,"100%","12/12 pauses"
849,"p5eqmol6",1,"100%","12/12 pauses"
850,"8hbmbigm",1,"100%","12/12 pauses"
851,"ygin187u",1,"100%","12/12 pauses"
852,"509yu62a",1,"100%","12/12 pauses"
853,"wyp5cf0t",1,"100%","12/12 pauses"
854,"ja6vfka0",1,"100%","12/12 pauses"
855,"dwkk5ctq",1,"100%","12/12 pauses"
856,"5dr1wl9d",1,"100%","12/12 pauses"
857,"630dn4f0",1,"100%","12/12 pauses"
858,"dekdtlsf",1,"100%","12/12 pauses"
859,"043s7de3",1,"100%","12/12 pauses"
860,"0mua3cxr",1,"100%","12/12 pauses"
861,"z1ck30fb",1,"100%","12/12 pauses"
862,"rwjtexgw",1,"100%","12/12 pauses"
863,"sgjvekjp",1,"100%","12/12 pauses"
864,"mqo8v90h",1,"100%","12/12 pauses"
865,"5giyyzc4",1,"100%","12/12 pauses"
866,"1oxtcr9m",1,"100%","12/12 pauses"
867,"3g7hh56t",1,"100%","12/12 pauses"
868,"iy5um6bx",1,"100%","12/12 pauses"
869,"58lmpoia",1,"100%","12/12 pauses"
870,"05s4nonp",1,"100%","12/12 pauses"
871,"54b3229k",1,"100%","12/12 pauses"
872,"7axa8440",1,"100%","12/12 pauses"
873,"0uy0c9xy",1,"100%","12/12 pauses"
874,"yaijt4e8",1,"100%","12/12 pauses"
875,"bu08e9hn",1,"100%","12/12 pauses"
876,"unafu9ly",1,"100%","12/12 pauses"
877,"vlbv39xj",1,"100%","12/12 pauses"
878,"9n1mrko4",1,"100%","12/12 pauses"
879,"5kw6vok4",1,"100%","12/12 pauses"
880,"lyjaj4f5",1,"100%","12/12 pauses"
881,"ckajgfhi",1,"100%","12/12 pauses"
882,"czoorxcq",1,"100%","12/12 pauses"
883,"t2m81dm5",1,"100%","12/12 pauses"
884,"1f43mc70",1,"100%","12/12 pauses"
885,"km54akkj",1,"100%","12/12 pauses"
886,"xj43xf0y",1,"100%","12/12 pauses"
887,"ico5nkz7",1,"100%","12/12 pauses"
888,"tzjycs3k",1,"100%","12/12 pauses"
889,"1ieptqu1",1,"100%","12/12 pauses"
890,"btlqshus",1,"100%","12/12 pauses"
891,"sb3s9tau",1,"100%","12/12 pauses"
892,"y9a0in3z",1,"100%","12/12 pauses"
893,"dwebe23c",1,"100%","12/12 pauses"
894,"9mhdyrgm",1,"100%","12/12 pauses"
895,"hci53i2d",1,"100%","12/12 pauses"
896,"r8ykbmyk",1,"100%","12/12 pauses"
897,"adnrvfg1",1,"100%","12/12 pauses"
898,"8yn0ac7v",1,"100%","12/12 pauses"
899,"p3b6njxd",1,"100%","12/12 pauses"
900,"81c6921w",1,"100%","12/12 pauses"
901,"m4bc05l0",1,"100%","12/12 pauses"
902,"imqu21n8",1,"100%","12/12 pauses"
903,"ufs7gbs4",1,"100%","12/12 pauses"
904,"xwi4rnzs",1,"100%","12/12 pauses"
905,"506wz70l",1,"100%","12/12 pauses"
906,"oqh3g99f",1,"100%","12/12 pauses"
907,"mw93pct2",1,"100%","12/12 pauses"
908,"7phoorsu",1,"100%","12/12 pauses"
909,"bp078r42",1,"100%","12/12 pauses"
910,"cxpi5mn2",1,"100%","12/12 pauses"
911,"9crfzgad",1,"100%","12/12 pauses"
912,"9zljf2ao",1,"100%","12/12 pauses"
913,"y7zq7urs",1,"100%","12/12 pauses"
914,"lt0o3jrw",1,"100%","12/12 pauses"
915,"8eviapy4",1,"100%","12/12 pauses"
916,"wsttp00g",1,"100%","12/12 pauses"
917,"wls0ai6b",1,"100%","12/12 pauses"
918,"8dyguooi",1,"100%","12/12 pauses"
919,"5ps01s36",1,"100%","12/12 pauses"
920,"rfhaunnu",1,"100%","12/12 pauses"
921,"tpbbhogu",1,"100%","12/12 pauses"
922,"e1zfbdw5",1,"100%","12/12 pauses"
923,"tk6pd514",1,"100%","12/12 pauses"
924,"zfbi4e87",1,"100%","12/12 pauses"
925,"e5ka35ir",1,"100%","12/12 pauses"
926,"coddd61q",1,"100%","12/12 pauses"
927,"wwxsvqtq",1,"100%","12/12 pauses"
928,"k3flstyt",1,"100%","12/12 pauses"
929,"2wf6r0sk",1,"100%","12/12 pauses"
930,"sfrooysw",1,"100%","12/12 pauses"
931,"dfjv474v",1,"100%","12/12 pauses"
932,"y142bgad",1,"100%","12/12 pauses"
933,"uj0mmkiz",1,"100%","12/12 pauses"
934,"nizp1s4r",1,"100%","12/12 pauses"
935,"y9x2qmn1",1,"100%","12/12 pauses"
936,"mnef3451",1,"100%","12/12 pauses"
937,"pomabafo",1,"100%","12/12 pauses"
938,"9zdcwtk3",1,"100%","12/12 pauses"
939,"grwr3m5y",1,"100%","12/12 pauses"
940,"ytbr1qq4",1,"100%","12/12 pauses"
941,"bi0fqg5u",1,"100%","12/12 pauses"
942,"lmy09tv3",1,"100%","12/12 pauses"
943,"w9rygjyc",1,"100%","12/12 pauses"
944,"qcehpohp",1,"100%","12/12 pauses"
945,"ylatxc96",1,"100%","12/12 pauses"
946,"nkiqgmtx",1,"100%","12/12 pauses"
947,"y7s1ek88",1,"100%","12/12 pauses"
948,"yrman3ok",1,"100%","12/12 pauses"
949,"uiuzmnkm",1,"100%","12/12 pauses"
950,"4wcpjxjw",1,"100%","12/12 pauses"
951,"93noh4y4",1,"100%","12/12 pauses"
952,"0e806fg1",1,"100%","12/12 pauses"
953,"naz3knrf",1,"100%","12/12 pauses"
954,"lkj76x4h",1,"100%","12/12 pauses"
955,"1l5iv2oo",1,"100%","12/12 pauses"
956,"ey46l69r",1,"100%","12/12 pauses"
957,"vnzxobn3",1,"100%","12/12 pauses"
958,"n21t2529",1,"100%","12/12 pauses"
959,"yloszi0d",1,"100%","12/12 pauses"
960,"hirbjund",1,"100%","12/12 pauses"
961,"t6xzezvs",1,"100%","12/12 pauses"
962,"3hbwnv7g",1,"100%","12/12 pauses"
963,"34e6mzdz",1,"100%","12/12 pauses"
964,"g7ts25i1",1,"100%","12/12 pauses"
965,"5thk4tns",1,"100%","12/12 pauses"
966,"snzyet7l",1,"100%","12/12 pauses"
967,"vftvoxv6",1,"100%","12/12 pauses"
968,"gill3569",1,"100%","12/12 pauses"
969,"tbj5lx0s",1,"100%","12/12 pauses"
970,"q6c06eyf",1,"100%","12/12 pauses"
971,"4pitoqe9",1,"100%","12/12 pauses"
972,"rsobszye",1,"100%","12/12 pauses"
973,"b9gqg7g3",1,"100%","12/12 pauses"
974,"1y2d9w0j",1,"100%","12/12 pauses"
975,"nf2h2929",1,"100%","12/12 pauses"
976,"knc03chd",1,"100%","12/12 pauses"
977,"8p3qb07b",1,"100%","12/12 pauses"
978,"h6ct90fv",1,"100%","12/12 pauses"
979,"m02u7ngy",1,"100%","12/12 pauses"
980,"amvw0ajw",1,"100%","12/12 pauses"
981,"8ug9wwc6",1,"100%","12/12 pauses"
982,"h5pp0es6",1,"100%","12/12 pauses"
983,"bzqxh0bc",1,"100%","12/12 pauses"
984,"liuvi39y",1,"100%","12/12 pauses"
985,"owynolu9",1,"100%","12/12 pauses"
986,"q8s3vi5a",1,"100%","12/12 pauses"
987,"0xax5lxi",1,"100%","12/12 pauses"
988,"rvptyamt",1,"100%","12/12 pauses"
989,"s44whquk",1,"100%","12/12 pauses"
990,"ps4uiew7",1,"100%","12/12 pauses"
991,"j44b5so0",1,"100%","12/12 pauses"
992,"rkcbboxb",1,"100%","12/12 pauses"
993,"qke77jpk",1,"100%","12/12 pauses"
994,"ad4ku32a",1,"100%","12/12 pauses"
995,"gzpmhaot",1,"100%","12/12 pauses"
996,"mbsl1z5j",1,"100%","12/12 pauses"
997,"v6lawayy",1,"100%","12/12 pauses"
998,"qz0ezsur",1,"100%","12/12 pauses"
999,"csebr8at",1,"100%","12/12 pauses"
1000,"r60rduoy",1,"100%","12/12 pauses"