{
  "CrystalBloomTimed": "F0-1@0-24:\"easing\":\"linear\",Px200-200@0-4:\"easing\":\"linear\",Px160-160@4-8:\"easing\":\"linear\",Px120-120@8-12:\"easing\":\"linear\",Px90-90@12-16:\"easing\":\"linear\",Px70-70@16-20:\"easing\":\"linear\",Px60-60@20-24:\"easing\":\"linear\",Px50-50@24-28:\"easing\":\"linear\",Px40-40@28-32:\"easing\":\"linear\",Px30-30@32-36:\"easing\":\"linear\",Px20-20@36-40:\"easing\":\"linear\",Px16-16@40-44:\"easing\":\"linear\",Px12-12@44-48:\"easing\":\"linear\",Px8-8@48-52:\"easing\":\"linear\",Px4-4@52-56:\"easing\":\"linear\",Px2-2@56-60:\"easing\":\"linear\",Px1-1@60-64:\"easing\":\"linear\",C200,260-200,260@0-0,C0.1-0.1@0-0,C0-1@0-32:\"easing\":\"linear\",Gl0-0.7@16-16.6,Gl0.7-0@16.6-17.2,C320,20-320,20@20-20,C-1--1@20-20,C0-1@20-48:\"easing\":\"linear\",CS0-0.5@32-33,CS0.5-0@33-34,C60,120-60,120@40-40,C0-1@40-64:\"easing\":\"linear\",Bl0-14@40-41,Bl14-0@41-44,Fg0.2-0.05@48-64:\"easing\":\"linear\"",
  "DeepDream_64bars": "Bl30-4@0-32:\"easing\":\"easeInOut\",C280,320-280,320@0-0,C0-1@0-24,Gl0-0.6@16-16.6,Gl0.6-0@16.6-17.2,C160,200-160,200@24-24,C0-1@24-48,Bl4-12@32-33,Bl12-2@33-34,CS0-0.5@40-41,CS0.5-0@41-42,Bl2-0@48-64:\"easing\":\"easeInOut\"",
  "FractalFocus_64bars": "F0-0.8@0-8:\"easing\":\"linear\",Px200-200@0-8:\"easing\":\"linear\",Bl24-15@0-8:\"easing\":\"easeInOut\",Sc0-0.3@0-8:\"easing\":\"linear\",Sc4-2@0-8:\"easing\":\"linear\",Fg0-0.4@0-8:\"easing\":\"linear\",F0.8-1@8-16:\"easing\":\"linear\",Px120-120@8-16:\"easing\":\"linear\",Bl15-8@8-16:\"easing\":\"easeInOut\",Sc0.3-0.6@8-12:\"easing\":\"linear\",Sc0.6-0.2@12-16:\"easing\":\"linear\",Fg0.4-0.7@8-16:\"easing\":\"easeInOut\",Gl0-1@16-17,Gl1-0@17-18,CS0-0.15@12-16:\"easing\":\"easeInOut\",CS0-3.141592653589793@12-16:\"easing\":\"linear\",Px80-80@16-24:\"easing\":\"linear\",Px40-40@24-32:\"easing\":\"linear\",Bl8-2@16-32:\"easing\":\"easeInOut\",Sc0.2-0@16-24:\"easing\":\"linear\",Fg0.7-0.3@16-32:\"easing\":\"linear\",CS0.15-0.5@28-32:\"easing\":\"easeInOut\",CS3.141592653589793-9.42477796076938@28-32:\"easing\":\"linear\",CS0.5-0@32-34:\"easing\":\"easeInOut\",CS9.42477796076938-12.566370614359172@32-34:\"easing\":\"linear\",Px20-20@32-40:\"easing\":\"linear\",Px10-10@40-48:\"easing\":\"linear\",Px4-4@48-56:\"easing\":\"linear\",Px2-2@56-60:\"easing\":\"linear\",Px1-1@60-64:\"easing\":\"linear\",Bl2-0@32-48:\"easing\":\"easeInOut\",Fg0.3-0@32-48:\"easing\":\"linear\",Gl0-1@40-41,Gl1-0@41-42,Vg0.5-0@32-56:\"easing\":\"linear\",Vg0.7-1@32-56:\"easing\":\"linear\"",
  "GlitchBloom": "Gl0-0.8@0-4:\"easing\":\"linear\",Gl0.8-0.2@4-16:\"easing\":\"linear\",Sc1-0@0-24:\"easing\":\"linear\",Sc8-1@0-24:\"easing\":\"linear\",CS0-0.4@0-8:\"easing\":\"easeInOut\",CS0.4-0@8-16:\"easing\":\"easeInOut\",F0-0.9@0-16:\"easing\":\"linear\",F0.9-1@56-64:\"easing\":\"linear\",Px120-1@8-48:\"easing\":\"easeInOut\"",
  "GlitchWaves_64bars": "F0-0.1@8-16,F0.4-0.75@16-48,Px64-8@0-8,Gl0-0.4@0-14:\"easing\":\"easeInOut\",Gl0.4-0@14-16:\"easing\":\"easeInOut\",Sc0.3-0@0-16,C0-1@8-16:\"color\":\"#ffd600\",\"mode\":\"hide\",\"edgeSoftness\":0.8,Bl24-0@16-24,Px8-1@16-24,CS0-0.25@24-32,CS0-3.141592653589793@24-40,CS0.25-0@32-40,CS0-0.25@48-56,CS0.25-0@56-60,CS0-3.141592653589793@48-60,Fg0-1@32-40,Gl0-0.3@36-40:\"easing\":\"easeInOut\",Gl0.3-0@40-40:\"easing\":\"easeInOut\",C0-1@30-30,C1-0.1@32-33:\"color\":\"#ffd600\",\"mode\":\"reveal\",\"edgeSoftness\":0.8,C0.1-0.3@33-35:\"color\":\"#ffd600\",\"mode\":\"reveal\",\"edgeSoftness\":0.8,C0.3-1@35-36:\"color\":\"#ffd600\",\"mode\":\"reveal\",\"edgeSoftness\":0.8,C0.1-0.3@40-47.5:\"color\":\"#ffd600\",\"mode\":\"reveal\",\"edgeSoftness\":0.8,C0.3-1@47.5-48:\"color\":\"#ffd600\",\"mode\":\"reveal\",\"edgeSoftness\":0.8,F0.75-1@48-56,Fg1-0.2@48-56,Vg1-0@56-64",
  "GraffitiGlow_64bars": "F0-0.1@0-16,F0.25-0.1@16-24,F0.1-0.5@24-48,F0.5-1@48-64,C0.2-0.2@0-0,C300,340-300,340@0-0,C0-1@0-16,C200,260-200,260@16-16,C-1--1@16-16,C0-1@16-32,Gl0-0.9@32-33,Gl0.9-0@33-34,C60,120-60,120@32-32,C1-1@32-32,C0-1@32-48,CS0-0.6@40-41,CS0.6-0@41-42,C0,360-0,360@48-48,C1-1@48-48,C0-1@48-64",
  "HighlightFlash_64bars": "C200,255-200,255@0-0,C0-1@0-24,Gl0-1@16-17,Gl1-0@17-18,C70,200-70,200@24-24,C0-1@24-48,CS0-0.4@32-33,CS0.4-0@33-34,C0,70-0,70@40-40,C0-1@40-64,Sc0-0.3@40-48,Fg0.5-0.1@0-64",
  "IridescentWave_64bars": "F0-1@0-8,C0.8-0.8@0-0,C180,240-180,240@0-0,C0-1@0-20,Bl0-12@16-17,Bl12-0@17-18,C300,360-300,360@20-20,C0-1@20-40,CS1--1@32-32,CS0-0.4@32-34,CS0.4-0@34-36,C60,120-60,120@40-40,C0-1@40-60,Fg0.5-0.1@40-48,C0,360-0,360@60-60,C0-1@60-64",
  "NeonShards": "F0-1@0-8:\"easing\":\"easeInOut\",C280,320-80,140@0-0,C0-1@0-32:\"easing\":\"linear\",C40,80-200,260@32-32,C0-1@32-64:\"easing\":\"linear\",CS0-0.5@8-12:\"easing\":\"easeInOut\",CS0.5-0@12-16:\"easing\":\"easeInOut\",CS0-0.5@40-44:\"easing\":\"easeInOut\",CS0.5-0@44-48:\"easing\":\"easeInOut\",Sc0-0.7@0-8:\"easing\":\"linear\",Sc0.7-0.4@24-32:\"easing\":\"linear\",Sc0.4-0@48-56:\"easing\":\"linear\",Gl0-1@31-32:\"easing\":\"easeInOut\",Gl1-0@32-33:\"easing\":\"easeInOut\"",
  "NoirWindow": "F0-1@0-8:\"easing\":\"linear\",Vg0.1-0.3@0-24:\"easing\":\"easeInOut\",Vg2-1@0-32:\"easing\":\"linear\",Vg0.3-1@24-48:\"easing\":\"easeInOut\",Vg1-0@48-64:\"easing\":\"linear\",Fg1.5-0.5@0-56:\"easing\":\"linear\",Bl20-0@0-56:\"easing\":\"linear\",Px128-128@0-0:\"easing\":\"step\",Px96-96@4-4:\"easing\":\"step\",Px80-80@8-8:\"easing\":\"step\",Px64-64@12-12:\"easing\":\"step\",Px48-48@16-16:\"easing\":\"step\",Px40-40@20-20:\"easing\":\"step\",Px32-32@24-24:\"easing\":\"step\",Px24-24@28-28:\"easing\":\"step\",Px16-16@32-32:\"easing\":\"step\",Px8-8@36-36:\"easing\":\"step\",Px4-4@40-40:\"easing\":\"step\",Px4-1@40-56:\"easing\":\"easeInOut\"",
  "PsychedelicRipple": "F0-1@0-16:\"easing\":\"easeInOut\",C330,30-330,30@0-0:\"easing\":\"linear\",C0-1@0-24:\"easing\":\"linear\",C180,240-180,240@24-24:\"easing\":\"linear\",C0-1@24-48:\"easing\":\"linear\",C60,120-60,120@48-48:\"easing\":\"linear\",C0-1@48-64:\"easing\":\"linear\",CS0-0.5@0-4:\"easing\":\"easeInOut\",CS0.5-0@4-8:\"easing\":\"easeInOut\",CS0-0.5@16-20:\"easing\":\"easeInOut\",CS0.5-0@20-24:\"easing\":\"easeInOut\",CS0-0.5@32-36:\"easing\":\"easeInOut\",CS0.5-0@36-40:\"easing\":\"easeInOut\",Gl0-0.7@12-13:\"easing\":\"linear\",Gl0-0.7@40-41:\"easing\":\"linear\",Gl0.7-0@41-42:\"easing\":\"linear\"",
  "ReverseWipe": "F0-1@0-8:\"easing\":\"linear\",Chide-hide@8-8,C0-1@8-32:\"easing\":\"linear\",Creveal-reveal@32-32,C0-1@32-56:\"easing\":\"linear\",C0.7-0.2@8-56:\"easing\":\"linear\",Bl16-0@32-56:\"easing\":\"linear\",Px120-1@32-56:\"easing\":\"easeInOut\",Ctrue-false@56-64,C1-0@56-64,Bl0-0@56-64,Px1-1@56-64",
  "SequentialHueBands": "F0-0.1@0-8,C0-1@4-20:\"hueRange\":[0,60],C0-1@12-28:\"hueRange\":[60,120],C0-1@20-36:\"hueRange\":[120,180],C0-1@28-44:\"hueRange\":[180,240],C0-1@36-52:\"hueRange\":[240,300],C0-1@44-60:\"hueRange\":[300,360],Bl20-0@0-24,CS0.4-0@20-40,F0.1-1@8-32,Vg0.8-0.2@48-64,Fg0.5-0.1@40-60",
  "ShadowLift_64bars": "F0-0.8@0-12:\"easing\":\"linear\",C0,60-0,60@0-0,C0-1@0-24:\"easing\":\"linear\",\"edgeSoftness\":0.6,CS0-0.3@16-17:\"easing\":\"easeInOut\",CS0.3-0@17-18:\"easing\":\"easeInOut\",CS0-0.39269908169872414@16-18:\"easing\":\"linear\",C60,140-60,140@24-24,C0-1@24-48:\"easing\":\"linear\",\"edgeSoftness\":0.6,CS0-0.25@25-26:\"easing\":\"easeInOut\",CS1.5707963267948966-4.71238898038469@25-27:\"easing\":\"linear\",CS0.25-0@26-28:\"easing\":\"easeInOut\",Fg0.6-1.1@32-36:\"easing\":\"easeInOut\",Fg1.1-0.2@36-48:\"easing\":\"easeInOut\",C140,255-140,255@40-40,C0-1@40-64:\"easing\":\"linear\",\"edgeSoftness\":0.6,CS0-0.35@41-43:\"easing\":\"easeInOut\",CS0.7853981633974483-3.9269908169872414@41-44:\"easing\":\"linear\",CS0.35-0@43-45:\"easing\":\"easeInOut\",Vg0.8-0@40-56:\"easing\":\"linear\",Vg0.7-1@40-56:\"easing\":\"linear\",F0.8-1@48-64:\"easing\":\"linear\",CS0-0.1@60-62:\"easing\":\"linear\",CS0-6.283185307179586@60-64:\"easing\":\"linear\",CS0.1-0@62-64:\"easing\":\"linear\"",
  "SpectrumSpin_64bars": "F0-1@0-4,C0,60-0,60@0-0,C0-1@0-12,Gl0-0.8@16-16.3,Gl0.8-0@16.3-16.6,C60,120-60,120@12-12,C0-1@12-24,C120,180-120,180@24-24,C0-1@24-36,CS0-0.5@32-33,CS0.5-0@33-34,C180,240-180,240@36-36,C0-1@36-48,Px1-40@40-41,Px40-1@41-42,C240,360-240,360@48-48,C0-1@48-64",
  "StarlitReveal": "Fg1-0.6@0-8:\"easing\":\"linear\",Fg0.6-0.1@8-56:\"easing\":\"linear\",Vg2-1@0-8:\"easing\":\"linear\",Vg1-0@8-56:\"easing\":\"linear\",Vg0.1-0.4@0-8:\"easing\":\"linear\",Vg0.4-1@8-56:\"easing\":\"linear\",C1-1@8-8,C0.7-0.9@8-8,C0-1@8-56:\"easing\":\"easeInOut\",Bl24-4@8-16:\"easing\":\"linear\",Bl4-0@16-56:\"easing\":\"linear\",Px180-32@8-16:\"easing\":\"linear\",Px32-1@16-56:\"easing\":\"linear\",Vg0-2.5@56-59:\"easing\":\"easeIn\",Vg2.5-0@59-64:\"easing\":\"easeOut\",Vg1-0.2@56-64:\"easing\":\"linear\",Fg0.1-1.2@56-60:\"easing\":\"easeIn\",Fg1.2-0@60-64:\"easing\":\"easeOut\",Bl0-18@56-62:\"easing\":\"easeInOut\",Bl18-0@62-64:\"easing\":\"linear\"",
  "StrobeFocus_64bars": "F0-1@0-64:\"easing\":\"linear\",Px120-120@0-4:\"easing\":\"linear\",Px80-80@4-8:\"easing\":\"linear\",Px60-60@8-12:\"easing\":\"linear\",Px40-40@12-16:\"easing\":\"linear\",Px20-20@16-17:\"easing\":\"linear\",Px160-160@17-18:\"easing\":\"linear\",Px80-80@18-20:\"easing\":\"linear\",Px60-60@20-24:\"easing\":\"linear\",Px40-40@24-28:\"easing\":\"linear\",Px20-20@28-32:\"easing\":\"linear\",Px10-10@32-33:\"easing\":\"linear\",Px120-120@33-34:\"easing\":\"linear\",Px60-60@34-36:\"easing\":\"linear\",Px30-30@36-40:\"easing\":\"linear\",Px10-10@40-44:\"easing\":\"linear\",Px8-8@44-48:\"easing\":\"linear\",Px4-4@48-52:\"easing\":\"linear\",Px2-2@52-56:\"easing\":\"linear\",Px1-1@56-64:\"easing\":\"linear\",F1-0.2@16-16.5:\"easing\":\"linear\",F0.2-1@16.5-17:\"easing\":\"linear\",Gl0-1@16-17:\"easing\":\"linear\",Gl1-0@17-18:\"easing\":\"linear\",F1-0@32-32.4:\"easing\":\"linear\",F0-1@32.4-32.8:\"easing\":\"linear\"",
  "SunriseReveal": "F0-1@0-8:\"easing\":\"linear\",Bl32-0@0-32:\"easing\":\"easeInOut\",Px240-1@0-48:\"easing\":\"easeInOut\",C0.6-0.8@0-0:\"easing\":\"linear\",C0-1@16-64:\"easing\":\"linear\",C0.8-0@56-60:\"easing\":\"linear\",Vg0.2-1@24-64:\"easing\":\"easeInOut\",Vg1-0@24-64:\"easing\":\"easeInOut\",Fg1-0.3@8-64:\"easing\":\"linear\"",
  "analog-film": "Fg1.2-1.2@0-16,Vg1.5-1.5@0-8,C0-0.3@0-16:\"direction\":1,\"edgeSoftness\":0.3,C0.3-0.6@16-32:\"direction\":-1,\"brightnessOffset\":100,C0.6-1@32-48:\"direction\":1,\"hueRange\":[200,300],Bl15-0@0-24,Fg1.2-0.2@16-40,Vg1.5-0.4@8-48,Sc0.4-0@48-56,Bl0-50@48-49,Bl50-0@49-56,Fg0.2-2@48.1-49,Fg2-0.2@49-60,Gl0-0@0-16:\"easing\":\"easeInOut\",Gl0.2-0@16-16.3:\"easing\":\"easeInOut\",Gl0.01-0.001@49-64:\"easing\":\"easeInOut\"",
  "cyberpunkGlitch_64bars": "C1-1@0-20:\"color\":\"#00fff6\",\"edgeSoftness\":0.6,F0.03-0.075@0-7,F0.075-0.4@8.25-9,Vg1.2-0.8@0-4,Vg0.8-1.2@4-8,Vg1.2-1@8-16,Fg1.2-0.6@0-8,Fg0.6-0.3@8-12,Sc0.4-0.3@0-16:\"easing\":\"easeInOut\",Sc5-10@0-16,Gl0.2-0@0-8:\"easing\":\"easeInOut\",CS0-0.4@4-12:\"easing\":\"linear\",CS0-6.283@4-12:\"easing\":\"easeInOut\",CS0.4-0@12-16:\"easing\":\"easeInOut\",Gl0-0.5@8-8.5:\"easing\":\"easeInOut\",\"rainbow\":6,\"spacing\":0.7,Gl0.5-0@8.5-9:\"easing\":\"easeInOut\",Gl0-0.7@16-16.3:\"easing\":\"easeInOut\",\"rainbow\":8,\"spacing\":0.9,Gl0.7-0@16.3-16.6:\"easing\":\"easeInOut\",Fg0.3-1@12-16.5:\"easing\":\"easeInOut\",Fg1-0.3@16.5-16.6:\"easing\":\"easeInOut\",Vg1-0.8@8-16,Fg0-0@0-0,Fg0-1@15-0,Px32-4@16.1-28:\"behavior\":\"increase\",\"direction\":-1,\"minPixelSize\":2,\"maxPixelSize\":32,Bl10-2@16-16.75,C0-0.5@20-32:\"color\":\"#00fff6\",\"edgeSoftness\":0.6,Gl0-0.4@24-24.2:\"easing\":\"linear\",\"rainbow\":4,\"spacing\":0.5,Gl0.4-0@24.2-24.5:\"easing\":\"easeInOut\",Gl0-0.7@32-32.3:\"easing\":\"easeInOut\",\"rainbow\":10,\"spacing\":0.7,Gl0.7-0@32.3-32.8:\"easing\":\"easeInOut\",Fg0.6-0.4@20-32,Vg0.8-0.6@24-32,C0.5-1@32-40:\"color\":\"#ff00b4\",\"direction\":-1,\"edgeSoftness\":0.4,F0.8-1@32-40,CS0-0.6@36-40:\"easing\":\"easeInOut\",CS0-3.1416@36-40:\"easing\":\"easeInOut\",CS0.6-0@40-44:\"easing\":\"easeInOut\",Bl2-0@40-48,Px4-1@40-48:\"behavior\":\"increase\",\"direction\":-1,Gl0-1@48-48.5:\"easing\":\"easeInOut\",\"rainbow\":10,\"spacing\":0.6,Gl1-0@48.5-49:\"easing\":\"easeInOut\",Vg0.6-0.2@48-56,Fg0.4-0.1@48-64,Sc0.3-0@56-64,CS0-0.12@56-64:\"easing\":\"easeInOut\",CS0-6.2832@56-64:\"easing\":\"easeInOut\",Vg0.2-0.05@60-64",
  "manualTimeline1": "F0-1@0-8:\"easing\":\"linear\",Fg1-0.6@0-32:\"easing\":\"linear\",Fg0.6-0@48-64:\"easing\":\"linear\",Px180-16@0-24:\"easing\":\"easeInOut\",Px16-1@24-48:\"easing\":\"easeInOut\",Bl32-0@8-56:\"easing\":\"easeInOut\",C0-0.25@0-16:\"easing\":\"linear\",C0.25-0.1@16-20:\"easing\":\"linear\",C0.1-0.3@20-24:\"easing\":\"linear\",C0.3-0.1@24-28:\"easing\":\"linear\",C0.1-0.3@28-32:\"easing\":\"linear\",C0.3-1@32-64:\"easing\":\"linear\",Fg100-5@60-64:\"easing\":\"linear\",Px2-1@56-64:\"easing\":\"linear\"",
  "manualTimeline2": "F0-1@0-8:\"easing\":\"linear\",C0.6-0.1@0-32:\"easing\":\"linear\",C0-0.25@0-16:\"easing\":\"linear\",C0.25-0.1@16-20:\"easing\":\"linear\",C0.1-0.3@20-24:\"easing\":\"linear\",C0.3-0.1@24-28:\"easing\":\"linear\",C0.1-0.3@28-32:\"easing\":\"linear\",C0.3-1@32-64:\"easing\":\"linear\",Px128-1@8-56:\"easing\":\"easeInOut\",Bl0-40@40-44:\"easing\":\"linear\",Bl40-0@44-56:\"easing\":\"linear\",Gl0.1-0@23-24:\"easing\":\"easeInOut\",Px2-1@56-64:\"easing\":\"linear\",C0.1-0@56-64:\"easing\":\"linear\"",
  "manualtimeline3": "Sc1-0@0-8:\"easing\":\"linear\",Sc1-0@0-8:\"easing\":\"linear\",Sc10-1@0-8:\"easing\":\"linear\",Sc10000-1@0-8:\"easing\":\"linear\",Sc10-0@0-64:\"easing\":\"linear\",F0-1@0-32:\"easing\":\"linear\",Px245-127@0-16:\"easing\":\"linear\",Fg0-0@0-16:\"easing\":\"linear\",Fg1-10@16-32:\"easing\":\"linear\",Fg1-1@16-16:\"easing\":\"linear\",Px127-1@16-32:\"easing\":\"linear\",Sc10-1@16-32:\"easing\":\"linear\",Sc1-0@16-24:\"easing\":\"linear\",Bl0-100@32-33:\"easing\":\"linear\",Bl100-0@33-34:\"easing\":\"linear\"",
  "multiband-bright": "F0-1@0-64:\"easing\":\"linear\",Creveal-reveal@0-0,C0,70-0,70@0-0,C0.7-0.7@0-0,C0-1@0-40:\"easing\":\"linear\",C0,0,50,0.2-0,0,50,0.2@0-0,Creveal-reveal@16-0,C60,190-60,190@16-0,C0.5-0.5@16-0,C0-1@16-56:\"easing\":\"linear\",C0,0,0,0-0,0,0,0@16-0,Creveal-reveal@32-0,C180,255-180,255@32-0,C0.9-0.9@32-0,C0-1@32-60:\"easing\":\"linear\",C50,25,0,0.1-50,25,0,0.1@32-0,Fg0-0.3@16-60:\"easing\":\"linear\",Fg0.3-0@60-64:\"easing\":\"linear\",C1-0@60-64:\"easing\":\"linear\",Ctrue-false@60-64",
  "pixel-dust": "Bl8-0@0-48:\"easing\":\"linear\",Px240-240@0-4:\"easing\":\"easeInOut\",Px200-200@4-8:\"easing\":\"easeInOut\",Px140-140@8-12:\"easing\":\"easeInOut\",Px120-120@12-16:\"easing\":\"easeInOut\",Px32-32@16-18:\"easing\":\"easeInOut\",Px64-64@18-20:\"easing\":\"easeInOut\",Px16-1@20-24:\"easing\":\"easeInOut\",Px140-140@24-28:\"easing\":\"easeInOut\",Px240-240@28-32:\"easing\":\"easeInOut\",Px240-1@32-36:\"easing\":\"easeInOut\",Sc0-0.8@0-6:\"easing\":\"linear\",Sc8-3@0-8:\"easing\":\"easeInOut\",Sc4-14@0-8:\"easing\":\"easeInOut\",Sc0.3-1.2@0-8:\"easing\":\"easeInOut\",Sc1--1@8-10:\"easing\":\"step\",Sc3-1@8-16:\"easing\":\"linear\",Sc14-8@8-16:\"easing\":\"linear\",Sc0.8-0.5@8-16:\"easing\":\"linear\",Sc0.5-1@16-18:\"easing\":\"easeInOut\",Sc1-2@18-48:\"easing\":\"easeInOut\",Sc1-6@16-18:\"easing\":\"easeInOut\",Sc6-1@18-48:\"easing\":\"easeInOut\",Sc8-16@16-60:\"easing\":\"linear\",Sc1.2-2.2@16-48:\"easing\":\"linear\",CS0-0.05@28-36:\"easing\":\"easeInOut\",CS0.05-0@36-44:\"easing\":\"easeInOut\",F0.5-1@0-64:\"easing\":\"linear\"",
  "rgbShatter_64bars": "CS0.3-0.3@0-12,Px32-32@0-8,Bl20-8@0-12,Px32-4@8-16,CS0-3.141592653589793@8-24,CS0.3-0@16-24,Bl8-0@16-32,F0-1@16-32,Gl0-0.5@32-34:\"easing\":\"easeInOut\",Gl0-8@32-36:\"easing\":\"easeInOut\",Gl8-0@36-40:\"easing\":\"easeInOut\",Gl0.5-0@34-40:\"easing\":\"easeInOut\",Fg0-0.5@40-56,Vg0-0.3@48-56,Fg0.5-0@56-64,Vg0.3-0@56-64",
  "spectral-solidity": "F0-1@0-64:\"easing\":\"linear\",Ctrue-true@0-0,Creveal-reveal@0-0,C0,60-0,60@0-0,C0.8-0.8@0-0,C0-1@0-32:\"easing\":\"linear\",C-50-0@0-32:\"easing\":\"linear\",C0,60-0,360@32-33:\"easing\":\"linear\",C0-1@32-56:\"easing\":\"linear\",C0.8-0.2@32-56:\"easing\":\"linear\",Fg0.2-0@0-56:\"easing\":\"linear\",Fg1-0@0-56:\"easing\":\"linear\",Bl10-0@0-56:\"easing\":\"linear\",Ctrue-false@56-64,C1-0@56-64",
  "timeline_colourBandsGlitchReveal": "Bl32-0@0-32:\"easing\":\"linear\",Px240-240@0-3.2:\"easing\":\"linear\",Px200-200@3.2-6.4:\"easing\":\"linear\",Px160-160@6.4-9.600000000000001:\"easing\":\"linear\",Px120-120@9.600000000000001-12.8:\"easing\":\"linear\",Px80-80@12.8-16:\"easing\":\"linear\",Px120-120@16-19.200000000000003:\"easing\":\"linear\",Px160-160@19.200000000000003-22.400000000000002:\"easing\":\"linear\",Px200-200@22.400000000000002-25.6:\"easing\":\"linear\",Px240-240@25.6-28.8:\"easing\":\"linear\",Px200-200@28.8-32:\"easing\":\"linear\",Px120-120@32-35.2:\"easing\":\"linear\",Px80-80@35.2-38.400000000000006:\"easing\":\"linear\",Px32-32@38.400000000000006-41.6:\"easing\":\"linear\",Px16-16@41.6-44.800000000000004:\"easing\":\"linear\",Px8-8@44.800000000000004-48:\"easing\":\"linear\",Px4-4@48-51.2:\"easing\":\"linear\",Px1-1@51.2-56:\"easing\":\"linear\",Sc1-0@0-18:\"easing\":\"easeInOut\",Sc0-0.7@36-48:\"easing\":\"linear\",Sc0.7-0@48-56:\"easing\":\"linear\",Fg0.6-1.3@20-36:\"easing\":\"easeInOut\",Fg1.3-0@36-56:\"easing\":\"linear\",Gl0-0.8@54-56:\"easing\":\"easeInOut\",Gl0.8-0@56-56.5:\"easing\":\"linear\",C180,360-0,360@56-62:\"easing\":\"linear\",C1-0@62-64:\"easing\":\"linear\",Gl0-1@56-58:\"easing\":\"easeIn\",Gl1-0@58-60:\"easing\":\"easeOut\",Gl0-0.8@60-62:\"easing\":\"linear\",Gl0.8-0@62-64:\"easing\":\"linear\",Sc0-1@56-59:\"easing\":\"easeIn\",Sc1-0@59-64:\"easing\":\"easeOut\",Px1-16@56-58:\"easing\":\"easeIn\",Px16-1@58-64:\"easing\":\"easeOut\",Fg0-0.5@56-60:\"easing\":\"linear\",Fg0.5-0@60-64:\"easing\":\"linear\",Ctrue-false@63-64",
  "timeline_windowSweepReveal": "Bl32-24@0-32:\"easing\":\"linear\",Px240-240@0-3.85:\"easing\":\"linear\",Px220-220@3.85-7.7:\"easing\":\"linear\",Px200-200@7.7-11.55:\"easing\":\"linear\",Px160-160@11.55-15.4:\"easing\":\"linear\",Px100-100@15.4-19.25:\"easing\":\"linear\",Px200-200@19.25-23.1:\"easing\":\"linear\",Px240-240@23.1-26.95:\"easing\":\"linear\",Px64-64@26.95-30.8:\"easing\":\"linear\",Px32-32@30.8-34.65:\"easing\":\"linear\",Px16-16@34.65-38.5:\"easing\":\"linear\",Px8-8@38.5-42.35:\"easing\":\"linear\",Px4-4@42.35-46.2:\"easing\":\"linear\",Px1-1@46.2-56:\"easing\":\"linear\",Vg0.2-0.4@6-24:\"easing\":\"easeInOut\",Vg0.4-0.95@24-54:\"easing\":\"easeInOut\",Vg2-0@48-56:\"easing\":\"linear\",Fg0.2-1.2@0-56:\"easing\":\"easeInOut\",Bl24-0@40-56:\"easing\":\"easeInOut\",Vg1-0@56-60:\"easing\":\"easeIn\",Vg0-1.3@60-64:\"easing\":\"easeOut\",Vg0-2@56-59:\"easing\":\"linear\",Vg2-0@59-64:\"easing\":\"linear\",Fg0-1@58-60:\"easing\":\"linear\",Fg1-0@60-64:\"easing\":\"linear\",Px1-12@56-58:\"easing\":\"linear\",Px12-1@58-64:\"easing\":\"easeOut\",Bl0-0@56-64,C0,255-255,255@56-60:\"easing\":\"linear\",C1-0@60-64:\"easing\":\"linear\",Ctrue-false@63-64"
}