{
    "projectName": "Bitcoin Beat Ethereal",
    "bpm": 105,
    "channels": [
      {
        "name": "BTC Drums Beat Loop",
        "steps": [
          true,false,false,false,false,false,false,false,false,false,false,false,false,false,false,false,
          false,false,false,false,false,false,false,false,false,false,false,false,false,false,false,false,
          true,false,false,false,false,false,false,false,false,false,false,false,false,false,false,false,
          false,false,false,false,false,false,false,false,false,false,false,false,false,false,false,false
        ],
        "src": "ccf99852fb85d63b5f65124fe506b08c11eb400a7b1da75cd3e0c9538fc49977i0",
        "volume": 0.9, "mute": false, "solo": false, "pitch": 0, "reverse": false, "trimStart": 0, "trimEnd": 1,
        "hpfCutoff": 30, "hpfQ": 0.707, "lpfCutoff": 18000, "lpfQ": 0.707, "eqLowGain": 0, "eqMidGain": 0, "eqHighGain": 0,
        "fadeInTime": 0, "fadeOutTime": 0, "activePlaybackScheduledTime": null, "activePlaybackDuration": null,
        "activePlaybackTrimStart": 0, "activePlaybackTrimEnd": 1, "activePlaybackReversed": null
      },
      {
        "name": "BTC Melody E Loop",
        "steps": [
          true,false,false,false,false,false,false,false,false,false,false,false,false,false,false,false,
          false,false,false,false,false,false,false,false,false,false,false,false,false,false,false,false,
          true,false,false,false,false,false,false,false,false,false,false,false,false,false,false,false,
          false,false,false,false,false,false,false,false,false,false,false,false,false,false,false,false
        ],
        "src": "435c5c22eaf0c1791e09cb46d56ce942eb312372376abf5b5420200b1424ff7fi0",
        "volume": 0.75, "mute": false, "solo": false, "pitch": 0, "reverse": false, "trimStart": 0, "trimEnd": 1,
        "hpfCutoff": 150, "hpfQ": 0.707, "lpfCutoff": 9000, "lpfQ": 0.8, "eqLowGain": 0, "eqMidGain": 0, "eqHighGain": 0,
        "fadeInTime": 0, "fadeOutTime": 0, "activePlaybackScheduledTime": null, "activePlaybackDuration": null,
        "activePlaybackTrimStart": 0, "activePlaybackTrimEnd": 1, "activePlaybackReversed": null
      },
      {
        "name": "Woop FX (P0)",
        "steps": [
          false,false,false,false,false,false,false,false,false,false,false,false,false,false,false,true,
          false,false,false,false,false,false,false,false,false,false,false,false,false,false,false,false,
          false,false,false,false,false,false,false,true,false,false,false,false,false,false,false,false,
          false,false,false,false,false,false,false,false,false,false,false,false,false,false,false,true
        ],
        "src": "752bd66406185690c6f14311060785170df91a887b42740e1dde27e5fbf351cbi0",
        "volume": 0.6, "mute": false, "solo": false, "pitch": 0, "reverse": false, "trimStart": 0, "trimEnd": 0.7,
        "hpfCutoff": 300, "hpfQ": 0.707, "lpfCutoff": 7000, "lpfQ": 1.0, "eqLowGain": 0, "eqMidGain": 0, "eqHighGain": 0,
        "fadeInTime": 0.01, "fadeOutTime": 0.2, "activePlaybackScheduledTime": null, "activePlaybackDuration": null,
        "activePlaybackTrimStart": 0, "activePlaybackTrimEnd": 0.7, "activePlaybackReversed": null
      },
      {
        "name": "Woop FX (P+7)",
        "steps": [
          false,false,false,false,false,false,false,false,false,false,false,false,false,false,false,false,
          false,false,false,false,false,true,false,false,false,false,false,false,false,false,false,false,
          false,false,false,false,false,false,false,false,false,false,false,false,false,false,false,false,
          false,false,false,false,true,false,false,false,false,false,false,true,false,false,false,false
        ],
        "src": "752bd66406185690c6f14311060785170df91a887b42740e1dde27e5fbf351cbi0",
        "volume": 0.55, "mute": false, "solo": false, "pitch": 7, "reverse": false, "trimStart": 0, "trimEnd": 0.6,
        "hpfCutoff": 300, "hpfQ": 0.707, "lpfCutoff": 8000, "lpfQ": 1.0, "eqLowGain": 0, "eqMidGain": 0, "eqHighGain": 0,
        "fadeInTime": 0.01, "fadeOutTime": 0.15, "activePlaybackScheduledTime": null, "activePlaybackDuration": null,
        "activePlaybackTrimStart": 0, "activePlaybackTrimEnd": 0.6, "activePlaybackReversed": null
      },
      { "name": "Channel 5", "steps": [false,false,false,false,false,false,false,false,false,false,false,false,false,false,false,false,false,false,false,false,false,false,false,false,false,false,false,false,false,false,false,false,false,false,false,false,false,false,false,false,false,false,false,false,false,false,false,false,false,false,false,false,false,false,false,false,false,false,false,false,false,false,false,false], "src": null, "volume": 0.8, "mute": false, "solo": false, "pitch": 0, "reverse": false, "trimStart": 0, "trimEnd": 1, "hpfCutoff": 20, "hpfQ": 0.707, "lpfCutoff": 20000, "lpfQ": 0.707, "eqLowGain": 0, "eqMidGain": 0, "eqHighGain": 0, "fadeInTime": 0, "fadeOutTime": 0, "activePlaybackScheduledTime": null, "activePlaybackDuration": null, "activePlaybackTrimStart": null, "activePlaybackTrimEnd": null, "activePlaybackReversed": null },
      { "name": "Channel 6", "steps": [false,false,false,false,false,false,false,false,false,false,false,false,false,false,false,false,false,false,false,false,false,false,false,false,false,false,false,false,false,false,false,false,false,false,false,false,false,false,false,false,false,false,false,false,false,false,false,false,false,false,false,false,false,false,false,false,false,false,false,false,false,false,false,false], "src": null, "volume": 0.8, "mute": false, "solo": false, "pitch": 0, "reverse": false, "trimStart": 0, "trimEnd": 1, "hpfCutoff": 20, "hpfQ": 0.707, "lpfCutoff": 20000, "lpfQ": 0.707, "eqLowGain": 0, "eqMidGain": 0, "eqHighGain": 0, "fadeInTime": 0, "fadeOutTime": 0, "activePlaybackScheduledTime": null, "activePlaybackDuration": null, "activePlaybackTrimStart": null, "activePlaybackTrimEnd": null, "activePlaybackReversed": null },
      { "name": "Channel 7", "steps": [false,false,false,false,false,false,false,false,false,false,false,false,false,false,false,false,false,false,false,false,false,false,false,false,false,false,false,false,false,false,false,false,false,false,false,false,false,false,false,false,false,false,false,false,false,false,false,false,false,false,false,false,false,false,false,false,false,false,false,false,false,false,false,false], "src": null, "volume": 0.8, "mute": false, "solo": false, "pitch": 0, "reverse": false, "trimStart": 0, "trimEnd": 1, "hpfCutoff": 20, "hpfQ": 0.707, "lpfCutoff": 20000, "lpfQ": 0.707, "eqLowGain": 0, "eqMidGain": 0, "eqHighGain": 0, "fadeInTime": 0, "fadeOutTime": 0, "activePlaybackScheduledTime": null, "activePlaybackDuration": null, "activePlaybackTrimStart": null, "activePlaybackTrimEnd": null, "activePlaybackReversed": null },
      { "name": "Channel 8", "steps": [false,false,false,false,false,false,false,false,false,false,false,false,false,false,false,false,false,false,false,false,false,false,false,false,false,false,false,false,false,false,false,false,false,false,false,false,false,false,false,false,false,false,false,false,false,false,false,false,false,false,false,false,false,false,false,false,false,false,false,false,false,false,false,false], "src": null, "volume": 0.8, "mute": false, "solo": false, "pitch": 0, "reverse": false, "trimStart": 0, "trimEnd": 1, "hpfCutoff": 20, "hpfQ": 0.707, "lpfCutoff": 20000, "lpfQ": 0.707, "eqLowGain": 0, "eqMidGain": 0, "eqHighGain": 0, "fadeInTime": 0, "fadeOutTime": 0, "activePlaybackScheduledTime": null, "activePlaybackDuration": null, "activePlaybackTrimStart": null, "activePlaybackTrimEnd": null, "activePlaybackReversed": null },
      { "name": "Channel 9", "steps": [false,false,false,false,false,false,false,false,false,false,false,false,false,false,false,false,false,false,false,false,false,false,false,false,false,false,false,false,false,false,false,false,false,false,false,false,false,false,false,false,false,false,false,false,false,false,false,false,false,false,false,false,false,false,false,false,false,false,false,false,false,false,false,false], "src": null, "volume": 0.8, "mute": false, "solo": false, "pitch": 0, "reverse": false, "trimStart": 0, "trimEnd": 1, "hpfCutoff": 20, "hpfQ": 0.707, "lpfCutoff": 20000, "lpfQ": 0.707, "eqLowGain": 0, "eqMidGain": 0, "eqHighGain": 0, "fadeInTime": 0, "fadeOutTime": 0, "activePlaybackScheduledTime": null, "activePlaybackDuration": null, "activePlaybackTrimStart": null, "activePlaybackTrimEnd": null, "activePlaybackReversed": null },
      { "name": "Channel 10", "steps": [false,false,false,false,false,false,false,false,false,false,false,false,false,false,false,false,false,false,false,false,false,false,false,false,false,false,false,false,false,false,false,false,false,false,false,false,false,false,false,false,false,false,false,false,false,false,false,false,false,false,false,false,false,false,false,false,false,false,false,false,false,false,false,false], "src": null, "volume": 0.8, "mute": false, "solo": false, "pitch": 0, "reverse": false, "trimStart": 0, "trimEnd": 1, "hpfCutoff": 20, "hpfQ": 0.707, "lpfCutoff": 20000, "lpfQ": 0.707, "eqLowGain": 0, "eqMidGain": 0, "eqHighGain": 0, "fadeInTime": 0, "fadeOutTime": 0, "activePlaybackScheduledTime": null, "activePlaybackDuration": null, "activePlaybackTrimStart": null, "activePlaybackTrimEnd": null, "activePlaybackReversed": null },
      { "name": "Channel 11", "steps": [false,false,false,false,false,false,false,false,false,false,false,false,false,false,false,false,false,false,false,false,false,false,false,false,false,false,false,false,false,false,false,false,false,false,false,false,false,false,false,false,false,false,false,false,false,false,false,false,false,false,false,false,false,false,false,false,false,false,false,false,false,false,false,false], "src": null, "volume": 0.8, "mute": false, "solo": false, "pitch": 0, "reverse": false, "trimStart": 0, "trimEnd": 1, "hpfCutoff": 20, "hpfQ": 0.707, "lpfCutoff": 20000, "lpfQ": 0.707, "eqLowGain": 0, "eqMidGain": 0, "eqHighGain": 0, "fadeInTime": 0, "fadeOutTime": 0, "activePlaybackScheduledTime": null, "activePlaybackDuration": null, "activePlaybackTrimStart": null, "activePlaybackTrimEnd": null, "activePlaybackReversed": null },
      { "name": "Channel 12", "steps": [false,false,false,false,false,false,false,false,false,false,false,false,false,false,false,false,false,false,false,false,false,false,false,false,false,false,false,false,false,false,false,false,false,false,false,false,false,false,false,false,false,false,false,false,false,false,false,false,false,false,false,false,false,false,false,false,false,false,false,false,false,false,false,false], "src": null, "volume": 0.8, "mute": false, "solo": false, "pitch": 0, "reverse": false, "trimStart": 0, "trimEnd": 1, "hpfCutoff": 20, "hpfQ": 0.707, "lpfCutoff": 20000, "lpfQ": 0.707, "eqLowGain": 0, "eqMidGain": 0, "eqHighGain": 0, "fadeInTime": 0, "fadeOutTime": 0, "activePlaybackScheduledTime": null, "activePlaybackDuration": null, "activePlaybackTrimStart": null, "activePlaybackTrimEnd": null, "activePlaybackReversed": null },
      { "name": "Channel 13", "steps": [false,false,false,false,false,false,false,false,false,false,false,false,false,false,false,false,false,false,false,false,false,false,false,false,false,false,false,false,false,false,false,false,false,false,false,false,false,false,false,false,false,false,false,false,false,false,false,false,false,false,false,false,false,false,false,false,false,false,false,false,false,false,false,false], "src": null, "volume": 0.8, "mute": false, "solo": false, "pitch": 0, "reverse": false, "trimStart": 0, "trimEnd": 1, "hpfCutoff": 20, "hpfQ": 0.707, "lpfCutoff": 20000, "lpfQ": 0.707, "eqLowGain": 0, "eqMidGain": 0, "eqHighGain": 0, "fadeInTime": 0, "fadeOutTime": 0, "activePlaybackScheduledTime": null, "activePlaybackDuration": null, "activePlaybackTrimStart": null, "activePlaybackTrimEnd": null, "activePlaybackReversed": null },
      { "name": "Channel 14", "steps": [false,false,false,false,false,false,false,false,false,false,false,false,false,false,false,false,false,false,false,false,false,false,false,false,false,false,false,false,false,false,false,false,false,false,false,false,false,false,false,false,false,false,false,false,false,false,false,false,false,false,false,false,false,false,false,false,false,false,false,false,false,false,false,false], "src": null, "volume": 0.8, "mute": false, "solo": false, "pitch": 0, "reverse": false, "trimStart": 0, "trimEnd": 1, "hpfCutoff": 20, "hpfQ": 0.707, "lpfCutoff": 20000, "lpfQ": 0.707, "eqLowGain": 0, "eqMidGain": 0, "eqHighGain": 0, "fadeInTime": 0, "fadeOutTime": 0, "activePlaybackScheduledTime": null, "activePlaybackDuration": null, "activePlaybackTrimStart": null, "activePlaybackTrimEnd": null, "activePlaybackReversed": null },
      { "name": "Channel 15", "steps": [false,false,false,false,false,false,false,false,false,false,false,false,false,false,false,false,false,false,false,false,false,false,false,false,false,false,false,false,false,false,false,false,false,false,false,false,false,false,false,false,false,false,false,false,false,false,false,false,false,false,false,false,false,false,false,false,false,false,false,false,false,false,false,false], "src": null, "volume": 0.8, "mute": false, "solo": false, "pitch": 0, "reverse": false, "trimStart": 0, "trimEnd": 1, "hpfCutoff": 20, "hpfQ": 0.707, "lpfCutoff": 20000, "lpfQ": 0.707, "eqLowGain": 0, "eqMidGain": 0, "eqHighGain": 0, "fadeInTime": 0, "fadeOutTime": 0, "activePlaybackScheduledTime": null, "activePlaybackDuration": null, "activePlaybackTrimStart": null, "activePlaybackTrimEnd": null, "activePlaybackReversed": null },
      { "name": "Channel 16", "steps": [false,false,false,false,false,false,false,false,false,false,false,false,false,false,false,false,false,false,false,false,false,false,false,false,false,false,false,false,false,false,false,false,false,false,false,false,false,false,false,false,false,false,false,false,false,false,false,false,false,false,false,false,false,false,false,false,false,false,false,false,false,false,false,false], "src": null, "volume": 0.8, "mute": false, "solo": false, "pitch": 0, "reverse": false, "trimStart": 0, "trimEnd": 1, "hpfCutoff": 20, "hpfQ": 0.707, "lpfCutoff": 20000, "lpfQ": 0.707, "eqLowGain": 0, "eqMidGain": 0, "eqHighGain": 0, "fadeInTime": 0, "fadeOutTime": 0, "activePlaybackScheduledTime": null, "activePlaybackDuration": null, "activePlaybackTrimStart": null, "activePlaybackTrimEnd": null, "activePlaybackReversed": null }
    ],
    "playing": false,
    "currentStep": 0
  }