
{
    "projectName": "Classic House Groove",
    "bpm": 120,
    "channels": [
      {
        "name": "Hard Kick",
        "steps": [
          true, false, false, false, true, false, false, false, true, false, false, false, true, false, false, false,
          true, false, false, false, true, false, false, false, true, false, false, false, true, false, false, false,
          true, false, false, false, true, false, false, false, true, false, false, false, true, false, false, false,
          true, false, false, false, true, false, false, false, true, false, false, false, true, false, false, false
        ],
        "src": "437868aecce108d49f9b29c2f477987cb5834ffdf639a650335af7f0fdd5e55bi0",
        "volume": 0.9, "mute": false, "solo": false, "pitch": 0, "reverse": false, "trimStart": 0, "trimEnd": 1,
        "hpfCutoff": 20, "hpfQ": 0.707, "lpfCutoff": 20000, "lpfQ": 0.707, "eqLowGain": 0, "eqMidGain": 0, "eqHighGain": 0,
        "fadeInTime": 0, "fadeOutTime": 0.01, "activePlaybackScheduledTime": null, "activePlaybackDuration": null,
        "activePlaybackTrimStart": 0, "activePlaybackTrimEnd": 1, "activePlaybackReversed": null
      },
      {
        "name": "Hard Snare",
        "steps": [
          false, false, false, false, true, false, false, false, false, false, false, false, true, false, false, false,
          false, false, false, false, true, false, false, false, false, false, false, false, true, false, false, false,
          false, false, false, false, true, false, false, false, false, false, false, false, true, false, false, false,
          false, false, false, false, true, false, false, false, false, false, false, false, true, false, false, false
        ],
        "src": "3be1f8e37b718f5b9874aecad792504c5822dc8dfc727ad4928594f7725db987i0",
        "volume": 0.8, "mute": false, "solo": false, "pitch": 0, "reverse": false, "trimStart": 0, "trimEnd": 1,
        "hpfCutoff": 100, "hpfQ": 0.707, "lpfCutoff": 20000, "lpfQ": 0.707, "eqLowGain": 0, "eqMidGain": 0, "eqHighGain": 0,
        "fadeInTime": 0, "fadeOutTime": 0.01, "activePlaybackScheduledTime": null, "activePlaybackDuration": null,
        "activePlaybackTrimStart": 0, "activePlaybackTrimEnd": 1, "activePlaybackReversed": null
      },
      {
        "name": "Closed Hat",
        "steps": [
          false, false, true, false, false, false, true, false, false, false, true, false, false, false, true, false,
          false, false, true, false, false, false, true, false, false, false, true, false, false, false, true, false,
          false, false, true, false, false, false, true, false, false, false, true, false, false, false, true, false,
          false, false, true, false, false, false, true, false, false, false, true, false, false, false, true, true
        ],
        "src": "d030eb3d8bcd68b0ed02b0c67fdb981342eea40b0383814f179a48e76927db93i0",
        "volume": 0.6, "mute": false, "solo": false, "pitch": 0, "reverse": false, "trimStart": 0, "trimEnd": 0.5,
        "hpfCutoff": 500, "hpfQ": 0.707, "lpfCutoff": 20000, "lpfQ": 0.707, "eqLowGain": 0, "eqMidGain": 0, "eqHighGain": 0,
        "fadeInTime": 0, "fadeOutTime": 0, "activePlaybackScheduledTime": null, "activePlaybackDuration": null,
        "activePlaybackTrimStart": 0, "activePlaybackTrimEnd": 0.5, "activePlaybackReversed": null
      },
      {
        "name": "808 Clap",
        "steps": [
          false, false, false, false, true, false, false, false, false, false, false, false, true, false, false, false,
          false, false, false, false, true, false, false, false, false, false, false, false, true, false, false, false,
          false, false, false, false, true, false, false, false, false, false, false, false, true, false, false, false,
          false, false, false, false, true, false, false, false, false, false, false, false, true, false, false, false
        ],
        "src": "3b7482a832c4f27c32fc1da7cc4249bbbac1cbdfbdb8673079cad0c33486d233i0",
        "volume": 0.7, "mute": false, "solo": false, "pitch": 0, "reverse": false, "trimStart": 0, "trimEnd": 1,
        "hpfCutoff": 100, "hpfQ": 0.707, "lpfCutoff": 18000, "lpfQ": 0.707, "eqLowGain": 0, "eqMidGain": 0, "eqHighGain": 0,
        "fadeInTime": 0, "fadeOutTime": 0, "activePlaybackScheduledTime": null, "activePlaybackDuration": null,
        "activePlaybackTrimStart": 0, "activePlaybackTrimEnd": 1, "activePlaybackReversed": null
      },
      {
        "name": "Synth Bass 3",
        "steps": [
          true, false, false, true, false, false, false, false, true, false, false, false, false, true, false, false,
          true, false, false, true, false, false, false, false, true, false, false, false, false, true, false, false,
          true, false, false, true, false, false, false, false, true, false, false, false, false, true, false, false,
          true, false, false, true, false, false, true, false, true, false, false, true, false, false, false, false
        ],
        "src": "1e3c2571e96729153e4b63e2b561d85aec7bc5ba372d293af469a525dfa3ed59i0",
        "volume": 0.8, "mute": false, "solo": false, "pitch": -12, "reverse": false, "trimStart": 0, "trimEnd": 0.3,
        "hpfCutoff": 40, "hpfQ": 0.707, "lpfCutoff": 800, "lpfQ": 1.0, "eqLowGain": 2, "eqMidGain": 0, "eqHighGain": 0,
        "fadeInTime": 0, "fadeOutTime": 0.05, "activePlaybackScheduledTime": null, "activePlaybackDuration": null,
        "activePlaybackTrimStart": 0, "activePlaybackTrimEnd": 0.3, "activePlaybackReversed": null
      },
      {
        "name": "Cowbell",
        "steps": [
          false, false, false, false, false, false, true, false, false, false, false, false, false, false, true, false,
          false, false, false, false, false, false, true, false, false, false, false, false, false, false, true, false,
          false, false, false, false, false, false, true, false, false, false, false, false, false, false, true, false,
          false, false, false, false, false, false, true, false, false, true, false, false, false, false, true, false
        ],
        "src": "3e5fe7bc10e37a145a75f7ddd71debd9079b05568c5b9c5e6b4de3d959a4c46bi0",
        "volume": 0.5, "mute": false, "solo": false, "pitch": 0, "reverse": false, "trimStart": 0, "trimEnd": 1,
        "hpfCutoff": 200, "hpfQ": 0.707, "lpfCutoff": 15000, "lpfQ": 0.707, "eqLowGain": 0, "eqMidGain": 0, "eqHighGain": 0,
        "fadeInTime": 0, "fadeOutTime": 0, "activePlaybackScheduledTime": null, "activePlaybackDuration": null,
        "activePlaybackTrimStart": 0, "activePlaybackTrimEnd": 1, "activePlaybackReversed": null
      },
      {
        "name": "Crash",
        "steps": [
          true, false, false, false, false, false, false, false, false, false, false, false, false, false, false, false,
          false, false, false, false, false, false, false, false, false, false, false, false, false, false, false, false,
          true, false, false, false, false, false, false, false, false, false, false, false, false, false, false, false,
          false, false, false, false, false, false, false, false, false, false, false, false, false, false, false, false
        ],
        "src": "5a42d7b2e2fe01e4f31cbad5dd671997f87339d970faaab37f6355c4a2f3be5ai0",
        "volume": 0.7, "mute": false, "solo": false, "pitch": 0, "reverse": false, "trimStart": 0, "trimEnd": 1,
        "hpfCutoff": 20, "hpfQ": 0.707, "lpfCutoff": 20000, "lpfQ": 0.707, "eqLowGain": 0, "eqMidGain": 0, "eqHighGain": 0,
        "fadeInTime": 0, "fadeOutTime": 0, "activePlaybackScheduledTime": null, "activePlaybackDuration": null,
        "activePlaybackTrimStart": 0, "activePlaybackTrimEnd": 1, "activePlaybackReversed": null
      },
      {
        "name": "Small Click (Perc)",
        "steps": [
          false, true, false, true, false, true, false, true, false, true, false, true, false, true, false, true,
          false, true, false, true, false, true, false, true, false, true, false, true, false, true, false, true,
          false, true, false, true, false, true, false, true, false, true, false, true, false, true, false, true,
          false, true, false, true, false, true, false, true, false, true, false, false, false, false, false, false
        ],
        "src": "1bda678460ef08fb64435b57c9b69fd78fd4556822ccd8e9839b4eb71b3621edi0",
        "volume": 0.4, "mute": false, "solo": false, "pitch": 5, "reverse": false, "trimStart": 0, "trimEnd": 0.2,
        "hpfCutoff": 1000, "hpfQ": 0.707, "lpfCutoff": 20000, "lpfQ": 0.707, "eqLowGain": 0, "eqMidGain": 0, "eqHighGain": 0,
        "fadeInTime": 0, "fadeOutTime": 0, "activePlaybackScheduledTime": null, "activePlaybackDuration": null,
        "activePlaybackTrimStart": 0, "activePlaybackTrimEnd": 0.2, "activePlaybackReversed": null
      },
 
      { "name": "Channel 9", "steps": [false,false,false,false,false,false,false,false,false,false,false,false,false,false,false,false,false,false,false,false,false,false,false,false,false,false,false,false,false,false,false,false,false,false,false,false,false,false,false,false,false,false,false,false,false,false,false,false,false,false,false,false,false,false,false,false,false,false,false,false,false,false,false,false], "src": null, "volume": 0.8, "mute": false, "solo": false, "pitch": 0, "reverse": false, "trimStart": 0, "trimEnd": 1, "hpfCutoff": 20, "hpfQ": 0.707, "lpfCutoff": 20000, "lpfQ": 0.707, "eqLowGain": 0, "eqMidGain": 0, "eqHighGain": 0, "fadeInTime": 0, "fadeOutTime": 0, "activePlaybackScheduledTime": null, "activePlaybackDuration": null, "activePlaybackTrimStart": null, "activePlaybackTrimEnd": null, "activePlaybackReversed": null },
      { "name": "Channel 10", "steps": [false,false,false,false,false,false,false,false,false,false,false,false,false,false,false,false,false,false,false,false,false,false,false,false,false,false,false,false,false,false,false,false,false,false,false,false,false,false,false,false,false,false,false,false,false,false,false,false,false,false,false,false,false,false,false,false,false,false,false,false,false,false,false,false], "src": null, "volume": 0.8, "mute": false, "solo": false, "pitch": 0, "reverse": false, "trimStart": 0, "trimEnd": 1, "hpfCutoff": 20, "hpfQ": 0.707, "lpfCutoff": 20000, "lpfQ": 0.707, "eqLowGain": 0, "eqMidGain": 0, "eqHighGain": 0, "fadeInTime": 0, "fadeOutTime": 0, "activePlaybackScheduledTime": null, "activePlaybackDuration": null, "activePlaybackTrimStart": null, "activePlaybackTrimEnd": null, "activePlaybackReversed": null },
      { "name": "Channel 11", "steps": [false,false,false,false,false,false,false,false,false,false,false,false,false,false,false,false,false,false,false,false,false,false,false,false,false,false,false,false,false,false,false,false,false,false,false,false,false,false,false,false,false,false,false,false,false,false,false,false,false,false,false,false,false,false,false,false,false,false,false,false,false,false,false,false], "src": null, "volume": 0.8, "mute": false, "solo": false, "pitch": 0, "reverse": false, "trimStart": 0, "trimEnd": 1, "hpfCutoff": 20, "hpfQ": 0.707, "lpfCutoff": 20000, "lpfQ": 0.707, "eqLowGain": 0, "eqMidGain": 0, "eqHighGain": 0, "fadeInTime": 0, "fadeOutTime": 0, "activePlaybackScheduledTime": null, "activePlaybackDuration": null, "activePlaybackTrimStart": null, "activePlaybackTrimEnd": null, "activePlaybackReversed": null },
      { "name": "Channel 12", "steps": [false,false,false,false,false,false,false,false,false,false,false,false,false,false,false,false,false,false,false,false,false,false,false,false,false,false,false,false,false,false,false,false,false,false,false,false,false,false,false,false,false,false,false,false,false,false,false,false,false,false,false,false,false,false,false,false,false,false,false,false,false,false,false,false], "src": null, "volume": 0.8, "mute": false, "solo": false, "pitch": 0, "reverse": false, "trimStart": 0, "trimEnd": 1, "hpfCutoff": 20, "hpfQ": 0.707, "lpfCutoff": 20000, "lpfQ": 0.707, "eqLowGain": 0, "eqMidGain": 0, "eqHighGain": 0, "fadeInTime": 0, "fadeOutTime": 0, "activePlaybackScheduledTime": null, "activePlaybackDuration": null, "activePlaybackTrimStart": null, "activePlaybackTrimEnd": null, "activePlaybackReversed": null },
      { "name": "Channel 13", "steps": [false,false,false,false,false,false,false,false,false,false,false,false,false,false,false,false,false,false,false,false,false,false,false,false,false,false,false,false,false,false,false,false,false,false,false,false,false,false,false,false,false,false,false,false,false,false,false,false,false,false,false,false,false,false,false,false,false,false,false,false,false,false,false,false], "src": null, "volume": 0.8, "mute": false, "solo": false, "pitch": 0, "reverse": false, "trimStart": 0, "trimEnd": 1, "hpfCutoff": 20, "hpfQ": 0.707, "lpfCutoff": 20000, "lpfQ": 0.707, "eqLowGain": 0, "eqMidGain": 0, "eqHighGain": 0, "fadeInTime": 0, "fadeOutTime": 0, "activePlaybackScheduledTime": null, "activePlaybackDuration": null, "activePlaybackTrimStart": null, "activePlaybackTrimEnd": null, "activePlaybackReversed": null },
      { "name": "Channel 14", "steps": [false,false,false,false,false,false,false,false,false,false,false,false,false,false,false,false,false,false,false,false,false,false,false,false,false,false,false,false,false,false,false,false,false,false,false,false,false,false,false,false,false,false,false,false,false,false,false,false,false,false,false,false,false,false,false,false,false,false,false,false,false,false,false,false], "src": null, "volume": 0.8, "mute": false, "solo": false, "pitch": 0, "reverse": false, "trimStart": 0, "trimEnd": 1, "hpfCutoff": 20, "hpfQ": 0.707, "lpfCutoff": 20000, "lpfQ": 0.707, "eqLowGain": 0, "eqMidGain": 0, "eqHighGain": 0, "fadeInTime": 0, "fadeOutTime": 0, "activePlaybackScheduledTime": null, "activePlaybackDuration": null, "activePlaybackTrimStart": null, "activePlaybackTrimEnd": null, "activePlaybackReversed": null },
      { "name": "Channel 15", "steps": [false,false,false,false,false,false,false,false,false,false,false,false,false,false,false,false,false,false,false,false,false,false,false,false,false,false,false,false,false,false,false,false,false,false,false,false,false,false,false,false,false,false,false,false,false,false,false,false,false,false,false,false,false,false,false,false,false,false,false,false,false,false,false,false], "src": null, "volume": 0.8, "mute": false, "solo": false, "pitch": 0, "reverse": false, "trimStart": 0, "trimEnd": 1, "hpfCutoff": 20, "hpfQ": 0.707, "lpfCutoff": 20000, "lpfQ": 0.707, "eqLowGain": 0, "eqMidGain": 0, "eqHighGain": 0, "fadeInTime": 0, "fadeOutTime": 0, "activePlaybackScheduledTime": null, "activePlaybackDuration": null, "activePlaybackTrimStart": null, "activePlaybackTrimEnd": null, "activePlaybackReversed": null },
      { "name": "Channel 16", "steps": [false,false,false,false,false,false,false,false,false,false,false,false,false,false,false,false,false,false,false,false,false,false,false,false,false,false,false,false,false,false,false,false,false,false,false,false,false,false,false,false,false,false,false,false,false,false,false,false,false,false,false,false,false,false,false,false,false,false,false,false,false,false,false,false], "src": null, "volume": 0.8, "mute": false, "solo": false, "pitch": 0, "reverse": false, "trimStart": 0, "trimEnd": 1, "hpfCutoff": 20, "hpfQ": 0.707, "lpfCutoff": 20000, "lpfQ": 0.707, "eqLowGain": 0, "eqMidGain": 0, "eqHighGain": 0, "fadeInTime": 0, "fadeOutTime": 0, "activePlaybackScheduledTime": null, "activePlaybackDuration": null, "activePlaybackTrimStart": null, "activePlaybackTrimEnd": null, "activePlaybackReversed": null }
    ],
    "playing": false,
    "currentStep": 0
  }