{
  "projectName": "OB1 D-Minor Groove",
  "bpm": 125,
  "channels": [
    {
      "name": "808 Kick",
      "steps": [
        true, false, false, false, true, false, false, false, true, false, false, false, true, false, false, false,
        true, false, false, false, true, false, false, false, true, false, false, false, true, false, false, false,
        true, false, false, false, true, false, false, false, true, false, false, false, true, false, false, false,
        true, false, false, false, true, false, false, false, true, false, false, false, true, false, false, false
      ],
      "src": "e7d344ef3098d0889856978c4d2e81ccf2358f7f8b66feecc71e03036c59ad48i0#",
      "volume": 0.9, "mute": false, "solo": false, "pitch": 0, "reverse": false, "trimStart": 0, "trimEnd": 0.6,
      "hpfCutoff": 20, "hpfQ": 0.707, "lpfCutoff": 20000, "lpfQ": 0.707, "eqLowGain": 0, "eqMidGain": 0, "eqHighGain": 0,
      "fadeInTime": 0, "fadeOutTime": 0.01, "activePlaybackScheduledTime": null, "activePlaybackDuration": null,
      "activePlaybackTrimStart": 0, "activePlaybackTrimEnd": 0.6, "activePlaybackReversed": null
    },
    {
      "name": "808 Snare",
      "steps": [
        false, false, false, false, true, false, false, false, false, false, false, false, true, false, false, false,
        false, false, false, false, true, false, false, false, false, false, false, false, true, false, false, false,
        false, false, false, false, true, false, false, false, false, false, false, false, true, false, false, false,
        false, false, false, false, true, false, false, false, false, false, false, false, true, false, false, false
      ],
      "src": "ef5707e6ecf4d5b6edb4c3a371ca1c57b5d1057c6505ccb5f8bdc8918b0c4d94i0",
      "volume": 0.8, "mute": false, "solo": false, "pitch": 0, "reverse": false, "trimStart": 0, "trimEnd": 1,
      "hpfCutoff": 100, "hpfQ": 0.707, "lpfCutoff": 18000, "lpfQ": 0.707, "eqLowGain": 0, "eqMidGain": 0, "eqHighGain": 0,
      "fadeInTime": 0, "fadeOutTime": 0.01, "activePlaybackScheduledTime": null, "activePlaybackDuration": null,
      "activePlaybackTrimStart": 0, "activePlaybackTrimEnd": 1, "activePlaybackReversed": null
    },
    {
      "name": "Closed Hat",
      "steps": [
        false, false, true, false, false, false, true, false, false, false, true, false, false, false, true, false,
        false, false, true, false, false, false, true, false, false, false, true, false, false, false, true, false,
        false, false, true, false, false, false, true, false, false, false, true, false, false, false, true, false,
        false, false, true, false, false, false, true, true, false, false, true, false, false, false, true, true
      ],
      "src": "d030eb3d8bcd68b0ed02b0c67fdb981342eea40b0383814f179a48e76927db93i0",
      "volume": 0.65, "mute": false, "solo": false, "pitch": 0, "reverse": false, "trimStart": 0, "trimEnd": 0.15,
      "hpfCutoff": 800, "hpfQ": 0.707, "lpfCutoff": 20000, "lpfQ": 0.707, "eqLowGain": 0, "eqMidGain": 0, "eqHighGain": 0,
      "fadeInTime": 0, "fadeOutTime": 0, "activePlaybackScheduledTime": null, "activePlaybackDuration": null,
      "activePlaybackTrimStart": 0, "activePlaybackTrimEnd": 0.15, "activePlaybackReversed": null
    },
    {
      "name": "Crash",
      "steps": [
        true, false, false, false, false, false, false, false, false, false, false, false, false, false, false, false,
        false, false, false, false, false, false, false, false, false, false, false, false, false, false, false, false,
        true, false, false, false, false, false, false, false, false, false, false, false, false, false, false, false,
        false, false, false, false, false, false, false, false, false, false, false, false, false, false, false, false
      ],
      "src": "5a42d7b2e2fe01e4f31cbad5dd671997f87339d970faaab37f6355c4a2f3be5ai0",
      "volume": 0.7, "mute": false, "solo": false, "pitch": 0, "reverse": false, "trimStart": 0, "trimEnd": 1,
      "hpfCutoff": 200, "hpfQ": 0.707, "lpfCutoff": 20000, "lpfQ": 0.707, "eqLowGain": 0, "eqMidGain": 0, "eqHighGain": 0,
      "fadeInTime": 0.01, "fadeOutTime": 0.1, "activePlaybackScheduledTime": null, "activePlaybackDuration": null,
      "activePlaybackTrimStart": 0, "activePlaybackTrimEnd": 1, "activePlaybackReversed": null
    },
    {
      "name": "Synth Bass D3 (Root)",
      "steps": [
        true, false, true, false, true, false, true, false, false, false, false, false, false, false, false, false,
        false, false, false, false, false, false, false, false, false, false, false, false, false, false, false, false,
        true, false, true, false, true, false, true, false, false, false, false, false, false, false, false, false,
        false, false, false, false, false, false, false, false, false, false, false, false, true, false, false, false
      ],
      "src": "1e3c2571e96729153e4b63e2b561d85aec7bc5ba372d293af469a525dfa3ed59i0",
      "volume": 0.75, "mute": false, "solo": false, "pitch": 0, "reverse": false, "trimStart": 0, "trimEnd": 0.25,
      "hpfCutoff": 40, "hpfQ": 0.707, "lpfCutoff": 900, "lpfQ": 1.0, "eqLowGain": 1, "eqMidGain": 0, "eqHighGain": 0,
      "fadeInTime": 0, "fadeOutTime": 0.05, "activePlaybackScheduledTime": null, "activePlaybackDuration": null,
      "activePlaybackTrimStart": 0, "activePlaybackTrimEnd": 0.25, "activePlaybackReversed": null
    },
    {
      "name": "Synth Bass F3 (m3)",
      "steps": [
        false, false, false, false, false, false, false, false, true, false, true, false, true, false, true, false,
        false, false, false, false, false, false, false, false, false, false, false, false, false, false, false, false,
        false, false, false, false, false, false, false, false, true, false, true, false, true, false, true, false,
        false, false, false, false, false, false, false, false, true, false, true, false, false, false, false, false
      ],
      "src": "1e3c2571e96729153e4b63e2b561d85aec7bc5ba372d293af469a525dfa3ed59i0",
      "volume": 0.70, "mute": false, "solo": false, "pitch": 3, "reverse": false, "trimStart": 0, "trimEnd": 0.25,
      "hpfCutoff": 40, "hpfQ": 0.707, "lpfCutoff": 900, "lpfQ": 1.0, "eqLowGain": 1, "eqMidGain": 0, "eqHighGain": 0,
      "fadeInTime": 0, "fadeOutTime": 0.05, "activePlaybackScheduledTime": null, "activePlaybackDuration": null,
      "activePlaybackTrimStart": 0, "activePlaybackTrimEnd": 0.25, "activePlaybackReversed": null
    },
    {
      "name": "Synth Bass G3 (P4)",
      "steps": [
        false, false, false, false, false, false, false, false, false, false, false, false, false, false, false, false,
        false, false, false, false, false, false, false, false, true, false, true, false, true, false, true, false,
        false, false, false, false, false, false, false, false, false, false, false, false, false, false, false, false,
        false, false, false, false, true, false, true, false, false, false, false, false, false, false, false, false
      ],
      "src": "1e3c2571e96729153e4b63e2b561d85aec7bc5ba372d293af469a525dfa3ed59i0",
      "volume": 0.70, "mute": false, "solo": false, "pitch": 5, "reverse": false, "trimStart": 0, "trimEnd": 0.25,
      "hpfCutoff": 40, "hpfQ": 0.707, "lpfCutoff": 900, "lpfQ": 1.0, "eqLowGain": 1, "eqMidGain": 0, "eqHighGain": 0,
      "fadeInTime": 0, "fadeOutTime": 0.05, "activePlaybackScheduledTime": null, "activePlaybackDuration": null,
      "activePlaybackTrimStart": 0, "activePlaybackTrimEnd": 0.25, "activePlaybackReversed": null
    },
    {
      "name": "Synth Bass A3 (P5)",
      "steps": [
        false, false, false, false, false, false, false, false, false, false, false, false, false, false, false, false,
        true, false, true, false, true, false, true, false, false, false, false, false, false, false, false, false,
        false, false, false, false, false, false, false, false, false, false, false, false, false, false, false, false,
        true, false, true, false, false, false, false, false, false, false, false, false, false, false, false, false
      ],
      "src": "1e3c2571e96729153e4b63e2b561d85aec7bc5ba372d293af469a525dfa3ed59i0",
      "volume": 0.70, "mute": false, "solo": false, "pitch": 7, "reverse": false, "trimStart": 0, "trimEnd": 0.25,
      "hpfCutoff": 40, "hpfQ": 0.707, "lpfCutoff": 900, "lpfQ": 1.0, "eqLowGain": 1, "eqMidGain": 0, "eqHighGain": 0,
      "fadeInTime": 0, "fadeOutTime": 0.05, "activePlaybackScheduledTime": null, "activePlaybackDuration": null,
      "activePlaybackTrimStart": 0, "activePlaybackTrimEnd": 0.25, "activePlaybackReversed": null
    },
    { "name": "Channel 9", "steps": [false,false,false,false,false,false,false,false,false,false,false,false,false,false,false,false,false,false,false,false,false,false,false,false,false,false,false,false,false,false,false,false,false,false,false,false,false,false,false,false,false,false,false,false,false,false,false,false,false,false,false,false,false,false,false,false,false,false,false,false,false,false,false,false], "src": null, "volume": 0.8, "mute": false, "solo": false, "pitch": 0, "reverse": false, "trimStart": 0, "trimEnd": 1, "hpfCutoff": 20, "hpfQ": 0.707, "lpfCutoff": 20000, "lpfQ": 0.707, "eqLowGain": 0, "eqMidGain": 0, "eqHighGain": 0, "fadeInTime": 0, "fadeOutTime": 0, "activePlaybackScheduledTime": null, "activePlaybackDuration": null, "activePlaybackTrimStart": null, "activePlaybackTrimEnd": null, "activePlaybackReversed": null },
    { "name": "Channel 10", "steps": [false,false,false,false,false,false,false,false,false,false,false,false,false,false,false,false,false,false,false,false,false,false,false,false,false,false,false,false,false,false,false,false,false,false,false,false,false,false,false,false,false,false,false,false,false,false,false,false,false,false,false,false,false,false,false,false,false,false,false,false,false,false,false,false], "src": null, "volume": 0.8, "mute": false, "solo": false, "pitch": 0, "reverse": false, "trimStart": 0, "trimEnd": 1, "hpfCutoff": 20, "hpfQ": 0.707, "lpfCutoff": 20000, "lpfQ": 0.707, "eqLowGain": 0, "eqMidGain": 0, "eqHighGain": 0, "fadeInTime": 0, "fadeOutTime": 0, "activePlaybackScheduledTime": null, "activePlaybackDuration": null, "activePlaybackTrimStart": null, "activePlaybackTrimEnd": null, "activePlaybackReversed": null },
    { "name": "Channel 11", "steps": [false,false,false,false,false,false,false,false,false,false,false,false,false,false,false,false,false,false,false,false,false,false,false,false,false,false,false,false,false,false,false,false,false,false,false,false,false,false,false,false,false,false,false,false,false,false,false,false,false,false,false,false,false,false,false,false,false,false,false,false,false,false,false,false], "src": null, "volume": 0.8, "mute": false, "solo": false, "pitch": 0, "reverse": false, "trimStart": 0, "trimEnd": 1, "hpfCutoff": 20, "hpfQ": 0.707, "lpfCutoff": 20000, "lpfQ": 0.707, "eqLowGain": 0, "eqMidGain": 0, "eqHighGain": 0, "fadeInTime": 0, "fadeOutTime": 0, "activePlaybackScheduledTime": null, "activePlaybackDuration": null, "activePlaybackTrimStart": null, "activePlaybackTrimEnd": null, "activePlaybackReversed": null },
    { "name": "Channel 12", "steps": [false,false,false,false,false,false,false,false,false,false,false,false,false,false,false,false,false,false,false,false,false,false,false,false,false,false,false,false,false,false,false,false,false,false,false,false,false,false,false,false,false,false,false,false,false,false,false,false,false,false,false,false,false,false,false,false,false,false,false,false,false,false,false,false], "src": null, "volume": 0.8, "mute": false, "solo": false, "pitch": 0, "reverse": false, "trimStart": 0, "trimEnd": 1, "hpfCutoff": 20, "hpfQ": 0.707, "lpfCutoff": 20000, "lpfQ": 0.707, "eqLowGain": 0, "eqMidGain": 0, "eqHighGain": 0, "fadeInTime": 0, "fadeOutTime": 0, "activePlaybackScheduledTime": null, "activePlaybackDuration": null, "activePlaybackTrimStart": null, "activePlaybackTrimEnd": null, "activePlaybackReversed": null },
    { "name": "Channel 13", "steps": [false,false,false,false,false,false,false,false,false,false,false,false,false,false,false,false,false,false,false,false,false,false,false,false,false,false,false,false,false,false,false,false,false,false,false,false,false,false,false,false,false,false,false,false,false,false,false,false,false,false,false,false,false,false,false,false,false,false,false,false,false,false,false,false], "src": null, "volume": 0.8, "mute": false, "solo": false, "pitch": 0, "reverse": false, "trimStart": 0, "trimEnd": 1, "hpfCutoff": 20, "hpfQ": 0.707, "lpfCutoff": 20000, "lpfQ": 0.707, "eqLowGain": 0, "eqMidGain": 0, "eqHighGain": 0, "fadeInTime": 0, "fadeOutTime": 0, "activePlaybackScheduledTime": null, "activePlaybackDuration": null, "activePlaybackTrimStart": null, "activePlaybackTrimEnd": null, "activePlaybackReversed": null },
    { "name": "Channel 14", "steps": [false,false,false,false,false,false,false,false,false,false,false,false,false,false,false,false,false,false,false,false,false,false,false,false,false,false,false,false,false,false,false,false,false,false,false,false,false,false,false,false,false,false,false,false,false,false,false,false,false,false,false,false,false,false,false,false,false,false,false,false,false,false,false,false], "src": null, "volume": 0.8, "mute": false, "solo": false, "pitch": 0, "reverse": false, "trimStart": 0, "trimEnd": 1, "hpfCutoff": 20, "hpfQ": 0.707, "lpfCutoff": 20000, "lpfQ": 0.707, "eqLowGain": 0, "eqMidGain": 0, "eqHighGain": 0, "fadeInTime": 0, "fadeOutTime": 0, "activePlaybackScheduledTime": null, "activePlaybackDuration": null, "activePlaybackTrimStart": null, "activePlaybackTrimEnd": null, "activePlaybackReversed": null },
    { "name": "Channel 15", "steps": [false,false,false,false,false,false,false,false,false,false,false,false,false,false,false,false,false,false,false,false,false,false,false,false,false,false,false,false,false,false,false,false,false,false,false,false,false,false,false,false,false,false,false,false,false,false,false,false,false,false,false,false,false,false,false,false,false,false,false,false,false,false,false,false], "src": null, "volume": 0.8, "mute": false, "solo": false, "pitch": 0, "reverse": false, "trimStart": 0, "trimEnd": 1, "hpfCutoff": 20, "hpfQ": 0.707, "lpfCutoff": 20000, "lpfQ": 0.707, "eqLowGain": 0, "eqMidGain": 0, "eqHighGain": 0, "fadeInTime": 0, "fadeOutTime": 0, "activePlaybackScheduledTime": null, "activePlaybackDuration": null, "activePlaybackTrimStart": null, "activePlaybackTrimEnd": null, "activePlaybackReversed": null },
    { "name": "Channel 16", "steps": [false,false,false,false,false,false,false,false,false,false,false,false,false,false,false,false,false,false,false,false,false,false,false,false,false,false,false,false,false,false,false,false,false,false,false,false,false,false,false,false,false,false,false,false,false,false,false,false,false,false,false,false,false,false,false,false,false,false,false,false,false,false,false,false], "src": null, "volume": 0.8, "mute": false, "solo": false, "pitch": 0, "reverse": false, "trimStart": 0, "trimEnd": 1, "hpfCutoff": 20, "hpfQ": 0.707, "lpfCutoff": 20000, "lpfQ": 0.707, "eqLowGain": 0, "eqMidGain": 0, "eqHighGain": 0, "fadeInTime": 0, "fadeOutTime": 0, "activePlaybackScheduledTime": null, "activePlaybackDuration": null, "activePlaybackTrimStart": null, "activePlaybackTrimEnd": null, "activePlaybackReversed": null }
  ],
  "playing": false,
  "currentStep": 0
}