[
 
  {
    "name": "Preset: Classic House Bass Alt",
    "file": "classic-house-bass-alt.json"
  },
  {
    "name": "Preset: Classic House Bass Arp",
    "file": "classic-house-bass-arp.json"
  },
  {
    "name": "Preset: Classic House Groove",
    "file": "classic-house-groove.json"
  },
  {
    "name": "Preset: Experimental Click & Drone",
    "file": "Experimental-Click-&-Drone.json"
  },
  {
    "name": "Preset: Garage Shuffle",
    "file": "garage-shuffle.json"
  },
  {
    "name": "Preset: Jimmy 12",
    "file": "Jimmy_12.json"
  },
  {
    "name": "Preset: Latin Percussion",
    "file": "latin-percussion.json"
  },
  {
    "name": "Preset: Lo Fi Hip Hop Bumps",
    "file": "lo-fi-hip-hop-bumps.json"
  },
  {
    "name": "Preset: Minimal Tech Pulse",
    "file": "minimal-tech-pulse.json"
  },
  {
    "name": "Preset: Sparse IDM",
    "file": "sparse-idm.json"
  },
  {
    "name": "Preset: Speedy Breakbeat Cuts",
    "file": "speedy-breakbeat-cuts.json"
  },
  {
    "name": "Preset: Trap Snaps And Rolls",
    "file": "trap-snaps-and-rolls.json"
  },
  {
    "name": "Preset: Tribal Groove",
    "file": "tribal.groove.json"
  },
  {
    "name": "Preset: Vocal Chop R&B",
    "file": "Vocal-Chop-R&B.json"
  },
  {
    "name": "Preset: D Minor Groove",
    "file": "d-minor-groove.json"
  },
  {
    "name": "Preset: Cosmic Glitch Hop",
    "file": "cosmic-glitch-hop.json"
  },
  {
    "name": "Preset: Cyberpunk Drive",
    "file": "cyberpunk-drive.json"
  },
  {
    "name": "Preset: Quirky Bitcoin Breakdown",
    "file": "quirky-bitcoin-breakdown.json"
  },
  {
    "name": "Preset: Wobble Tech Layers",
    "file": "wobble-tech-layers.json"
  },
  {
    "name": "Preset: 8-Bit Bitcoin Fantasia",
    "file": "8-bit-bitcoin-fantasia.json"
  },
  {
    "name": "Preset: Melophonic Drive",
    "file": "melophonic-drive.json"
  },
  {
    "name": "Preset: Bitcoin Beat Ethereal",
    "file": "bitcoin-beat-ethereal.json"
  },
  {
    "name": "Preset: Bitcoin Tom Textures",
    "file": "bitcoin-tom-textures.json"
  },
  {
    "name": "Demo: Bitcoin Glitch Break Hardcore",
    "file": "demo_bitcoin_glitch_break_hardcore.json"
  },
  {
    "name": "Demo: Cosmic Trip",
    "file": "demo_cosmic_trip.json"
  },
  {
    "name": "Demo: Denim Funk Jam",
    "file": "demo_denim_funk_jam.json"
  },
  {
    "name": "Preset: 125 BPM Pump Wobble",
    "file": "125-bpm-pump-wobble.json"
  },
  {
    "name": "Preset: Abstract Glitch",
    "file": "abstract-glitch.json"
  },
  {
    "name": "Preset: Afrobeat Polyrhythm",
    "file": "afrobeat-Polyrhythm.json"
  }

]

