{
    "projectName": "Quirky Bitcoin Breakdown",
    "bpm": 110,
    "channels": [
      {
        "name": "BTC Kick/Perc",
        "steps": [
          true, false, false, false, false, false, false, false, true, false, false, true, false, false, false, false,
          true, false, false, false, false, false, false, false, true, false, false, true, false, false, false, false,
          true, false, false, false, false, false, false, false, true, false, false, true, false, false, true, false,
          true, false, false, true, false, false, false, false, true, false, true, false, true, false, false, false
        ],
        "src": "ccf99852fb85d63b5f65124fe506b08c11eb400a7b1da75cd3e0c9538fc49977i0",
        "volume": 0.9, "mute": false, "solo": false, "pitch": 0, "reverse": false, "trimStart": 0, "trimEnd": 0.3,
        "hpfCutoff": 40, "hpfQ": 0.707, "lpfCutoff": 10000, "lpfQ": 0.707, "eqLowGain": 0, "eqMidGain": 0, "eqHighGain": 0,
        "fadeInTime": 0, "fadeOutTime": 0.02, "activePlaybackScheduledTime": null, "activePlaybackDuration": null,
        "activePlaybackTrimStart": 0, "activePlaybackTrimEnd": 0.3, "activePlaybackReversed": null
      },
      {
        "name": "BTC Snare/Crash",
        "steps": [
          false, false, false, false, true, false, false, false, false, false, false, false, true, false, false, true,
          false, false, false, false, true, false, false, false, false, false, false, false, true, false, false, false,
          false, false, false, false, true, false, false, false, false, false, false, false, true, false, false, true,
          false, false, false, false, true, false, false, true, false, false, false, false, true, true, false, false
        ],
        "src": "187a8c18ebfe07c18aea0e86cd99b3100474c1c53f56f02ee096723f1a35ce70i0",
        "volume": 0.8, "mute": false, "solo": false, "pitch": 2, "reverse": false, "trimStart": 0, "trimEnd": 0.25,
        "hpfCutoff": 200, "hpfQ": 0.707, "lpfCutoff": 16000, "lpfQ": 0.707, "eqLowGain": 0, "eqMidGain": 0, "eqHighGain": 0,
        "fadeInTime": 0, "fadeOutTime": 0.05, "activePlaybackScheduledTime": null, "activePlaybackDuration": null,
        "activePlaybackTrimStart": 0, "activePlaybackTrimEnd": 0.25, "activePlaybackReversed": null
      },
      {
        "name": "BTC Hat/Fill",
        "steps": [
          false, true, false, true, false, true, false, true, false, true, false, true, false, true, false, true,
          false, true, false, true, false, true, false, true, false, true, false, true, false, true, false, true,
          false, true, false, true, false, true, false, true, false, true, false, true, false, true, false, true,
          false, true, false, true, true, true, false, false, true, true, true, false, true, true, false, false
        ],
        "src": "4c40da69e783cfa96d2900bd15622c1ea60ad31e8ce9459cec13d155f39c463fi0",
        "volume": 0.65, "mute": false, "solo": false, "pitch": 0, "reverse": false, "trimStart": 0, "trimEnd": 0.15,
        "hpfCutoff": 800, "hpfQ": 1.0, "lpfCutoff": 18000, "lpfQ": 0.707, "eqLowGain": 0, "eqMidGain": 0, "eqHighGain": 0,
        "fadeInTime": 0, "fadeOutTime": 0.01, "activePlaybackScheduledTime": null, "activePlaybackDuration": null,
        "activePlaybackTrimStart": 0, "activePlaybackTrimEnd": 0.15, "activePlaybackReversed": null
      },
      {
        "name": "BTC Mel G (Note G)",
        "steps": [
          true, false, false, false, false, false, false, false, false, false, false, false, false, false, false, false,
          false, false, false, false, true, false, false, false, false, false, false, false, false, false, false, false,
          false, false, false, false, false, false, false, false, false, false, false, false, false, false, true, false,
          false, false, false, true, false, false, false, false, false, false, false, false, false, false, false, false
        ],
        "src": "c6decce29948ea64df9a24e689340c5907b6da207d74d13973fc5ca4dd3bd80ai0",
        "volume": 0.7, "mute": false, "solo": false, "pitch": 0, "reverse": false, "trimStart": 0, "trimEnd": 0.25,
        "hpfCutoff": 100, "hpfQ": 0.707, "lpfCutoff": 8000, "lpfQ": 1.0, "eqLowGain": 0, "eqMidGain": 0, "eqHighGain": 0,
        "fadeInTime": 0, "fadeOutTime": 0.1, "activePlaybackScheduledTime": null, "activePlaybackDuration": null,
        "activePlaybackTrimStart": 0, "activePlaybackTrimEnd": 0.25, "activePlaybackReversed": null
      },
      {
        "name": "BTC Mel G (Note C)",
        "steps": [
          false, false, false, false, true, false, false, false, false, false, false, false, false, false, false, false,
          false, false, false, false, false, false, false, false, true, false, false, false, false, false, false, false,
          false, false, false, false, false, false, false, false, false, false, false, false, true, false, false, false,
          false, false, false, false, false, false, false, false, false, false, false, true, false, false, false, false
        ],
        "src": "c6decce29948ea64df9a24e689340c5907b6da207d74d13973fc5ca4dd3bd80ai0",
        "volume": 0.65, "mute": false, "solo": false, "pitch": 5, "reverse": false, "trimStart": 0, "trimEnd": 0.25,
        "hpfCutoff": 100, "hpfQ": 0.707, "lpfCutoff": 8000, "lpfQ": 1.0, "eqLowGain": 0, "eqMidGain": 0, "eqHighGain": 0,
        "fadeInTime": 0, "fadeOutTime": 0.1, "activePlaybackScheduledTime": null, "activePlaybackDuration": null,
        "activePlaybackTrimStart": 0, "activePlaybackTrimEnd": 0.25, "activePlaybackReversed": null
      },
      {
        "name": "BTC Mel G (Note D)",
        "steps": [
          false, false, false, false, false, false, false, false, true, false, false, false, false, false, false, false,
          false, false, false, false, false, false, false, false, false, false, false, false, true, false, false, false,
          false, false, false, false, false, false, false, true, false, false, false, false, false, false, false, false,
          false, false, false, false, false, false, false, false, false, true, false, false, false, false, false, false
        ],
        "src": "c6decce29948ea64df9a24e689340c5907b6da207d74d13973fc5ca4dd3bd80ai0",
        "volume": 0.65, "mute": false, "solo": false, "pitch": 7, "reverse": false, "trimStart": 0, "trimEnd": 0.25,
        "hpfCutoff": 100, "hpfQ": 0.707, "lpfCutoff": 8000, "lpfQ": 1.0, "eqLowGain": 0, "eqMidGain": 0, "eqHighGain": 0,
        "fadeInTime": 0, "fadeOutTime": 0.1, "activePlaybackScheduledTime": null, "activePlaybackDuration": null,
        "activePlaybackTrimStart": 0, "activePlaybackTrimEnd": 0.25, "activePlaybackReversed": null
      },
      {
        "name": "BTC Mel E (Note E)",
        "steps": [
          false, false, false, false, false, false, false, false, false, false, false, false, true, false, false, false,
          false, false, false, false, false, false, false, false, false, false, false, false, false, false, false, true,
          false, false, true, false, false, false, false, false, false, false, false, false, false, false, false, false,
          false, false, false, false, false, false, false, false, false, false, false, false, false, false, false, false
        ],
        "src": "435c5c22eaf0c1791e09cb46d56ce942eb312372376abf5b5420200b1424ff7fi0",
        "volume": 0.7, "mute": false, "solo": false, "pitch": 0, "reverse": false, "trimStart": 0, "trimEnd": 0.3,
        "hpfCutoff": 100, "hpfQ": 0.707, "lpfCutoff": 8000, "lpfQ": 1.0, "eqLowGain": 0, "eqMidGain": 0, "eqHighGain": 0,
        "fadeInTime": 0, "fadeOutTime": 0.1, "activePlaybackScheduledTime": null, "activePlaybackDuration": null,
        "activePlaybackTrimStart": 0, "activePlaybackTrimEnd": 0.3, "activePlaybackReversed": null
      },
      {
        "name": "BTC Mel E (Note A)",
        "steps": [
          false, false, false, false, false, false, false, false, false, false, false, false, false, false, false, false,
          true, false, false, false, false, false, false, false, false, false, false, false, false, false, false, false,
          false, false, false, false, false, false, false, false, false, false, true, false, false, false, false, false,
          false, true, false, false, false, false, false, false, false, false, false, false, false, false, false, false
        ],
        "src": "435c5c22eaf0c1791e09cb46d56ce942eb312372376abf5b5420200b1424ff7fi0",
        "volume": 0.65, "mute": false, "solo": false, "pitch": 5, "reverse": false, "trimStart": 0, "trimEnd": 0.3,
        "hpfCutoff": 100, "hpfQ": 0.707, "lpfCutoff": 8000, "lpfQ": 1.0, "eqLowGain": 0, "eqMidGain": 0, "eqHighGain": 0,
        "fadeInTime": 0, "fadeOutTime": 0.1, "activePlaybackScheduledTime": null, "activePlaybackDuration": null,
        "activePlaybackTrimStart": 0, "activePlaybackTrimEnd": 0.3, "activePlaybackReversed": null
      },
      { "name": "Channel 9", "steps": [false,false,false,false,false,false,false,false,false,false,false,false,false,false,false,false,false,false,false,false,false,false,false,false,false,false,false,false,false,false,false,false,false,false,false,false,false,false,false,false,false,false,false,false,false,false,false,false,false,false,false,false,false,false,false,false,false,false,false,false,false,false,false,false], "src": null, "volume": 0.8, "mute": false, "solo": false, "pitch": 0, "reverse": false, "trimStart": 0, "trimEnd": 1, "hpfCutoff": 20, "hpfQ": 0.707, "lpfCutoff": 20000, "lpfQ": 0.707, "eqLowGain": 0, "eqMidGain": 0, "eqHighGain": 0, "fadeInTime": 0, "fadeOutTime": 0, "activePlaybackScheduledTime": null, "activePlaybackDuration": null, "activePlaybackTrimStart": null, "activePlaybackTrimEnd": null, "activePlaybackReversed": null },
      { "name": "Channel 10", "steps": [false,false,false,false,false,false,false,false,false,false,false,false,false,false,false,false,false,false,false,false,false,false,false,false,false,false,false,false,false,false,false,false,false,false,false,false,false,false,false,false,false,false,false,false,false,false,false,false,false,false,false,false,false,false,false,false,false,false,false,false,false,false,false,false], "src": null, "volume": 0.8, "mute": false, "solo": false, "pitch": 0, "reverse": false, "trimStart": 0, "trimEnd": 1, "hpfCutoff": 20, "hpfQ": 0.707, "lpfCutoff": 20000, "lpfQ": 0.707, "eqLowGain": 0, "eqMidGain": 0, "eqHighGain": 0, "fadeInTime": 0, "fadeOutTime": 0, "activePlaybackScheduledTime": null, "activePlaybackDuration": null, "activePlaybackTrimStart": null, "activePlaybackTrimEnd": null, "activePlaybackReversed": null },
      { "name": "Channel 11", "steps": [false,false,false,false,false,false,false,false,false,false,false,false,false,false,false,false,false,false,false,false,false,false,false,false,false,false,false,false,false,false,false,false,false,false,false,false,false,false,false,false,false,false,false,false,false,false,false,false,false,false,false,false,false,false,false,false,false,false,false,false,false,false,false,false], "src": null, "volume": 0.8, "mute": false, "solo": false, "pitch": 0, "reverse": false, "trimStart": 0, "trimEnd": 1, "hpfCutoff": 20, "hpfQ": 0.707, "lpfCutoff": 20000, "lpfQ": 0.707, "eqLowGain": 0, "eqMidGain": 0, "eqHighGain": 0, "fadeInTime": 0, "fadeOutTime": 0, "activePlaybackScheduledTime": null, "activePlaybackDuration": null, "activePlaybackTrimStart": null, "activePlaybackTrimEnd": null, "activePlaybackReversed": null },
      { "name": "Channel 12", "steps": [false,false,false,false,false,false,false,false,false,false,false,false,false,false,false,false,false,false,false,false,false,false,false,false,false,false,false,false,false,false,false,false,false,false,false,false,false,false,false,false,false,false,false,false,false,false,false,false,false,false,false,false,false,false,false,false,false,false,false,false,false,false,false,false], "src": null, "volume": 0.8, "mute": false, "solo": false, "pitch": 0, "reverse": false, "trimStart": 0, "trimEnd": 1, "hpfCutoff": 20, "hpfQ": 0.707, "lpfCutoff": 20000, "lpfQ": 0.707, "eqLowGain": 0, "eqMidGain": 0, "eqHighGain": 0, "fadeInTime": 0, "fadeOutTime": 0, "activePlaybackScheduledTime": null, "activePlaybackDuration": null, "activePlaybackTrimStart": null, "activePlaybackTrimEnd": null, "activePlaybackReversed": null },
      { "name": "Channel 13", "steps": [false,false,false,false,false,false,false,false,false,false,false,false,false,false,false,false,false,false,false,false,false,false,false,false,false,false,false,false,false,false,false,false,false,false,false,false,false,false,false,false,false,false,false,false,false,false,false,false,false,false,false,false,false,false,false,false,false,false,false,false,false,false,false,false], "src": null, "volume": 0.8, "mute": false, "solo": false, "pitch": 0, "reverse": false, "trimStart": 0, "trimEnd": 1, "hpfCutoff": 20, "hpfQ": 0.707, "lpfCutoff": 20000, "lpfQ": 0.707, "eqLowGain": 0, "eqMidGain": 0, "eqHighGain": 0, "fadeInTime": 0, "fadeOutTime": 0, "activePlaybackScheduledTime": null, "activePlaybackDuration": null, "activePlaybackTrimStart": null, "activePlaybackTrimEnd": null, "activePlaybackReversed": null },
      { "name": "Channel 14", "steps": [false,false,false,false,false,false,false,false,false,false,false,false,false,false,false,false,false,false,false,false,false,false,false,false,false,false,false,false,false,false,false,false,false,false,false,false,false,false,false,false,false,false,false,false,false,false,false,false,false,false,false,false,false,false,false,false,false,false,false,false,false,false,false,false], "src": null, "volume": 0.8, "mute": false, "solo": false, "pitch": 0, "reverse": false, "trimStart": 0, "trimEnd": 1, "hpfCutoff": 20, "hpfQ": 0.707, "lpfCutoff": 20000, "lpfQ": 0.707, "eqLowGain": 0, "eqMidGain": 0, "eqHighGain": 0, "fadeInTime": 0, "fadeOutTime": 0, "activePlaybackScheduledTime": null, "activePlaybackDuration": null, "activePlaybackTrimStart": null, "activePlaybackTrimEnd": null, "activePlaybackReversed": null },
      { "name": "Channel 15", "steps": [false,false,false,false,false,false,false,false,false,false,false,false,false,false,false,false,false,false,false,false,false,false,false,false,false,false,false,false,false,false,false,false,false,false,false,false,false,false,false,false,false,false,false,false,false,false,false,false,false,false,false,false,false,false,false,false,false,false,false,false,false,false,false,false], "src": null, "volume": 0.8, "mute": false, "solo": false, "pitch": 0, "reverse": false, "trimStart": 0, "trimEnd": 1, "hpfCutoff": 20, "hpfQ": 0.707, "lpfCutoff": 20000, "lpfQ": 0.707, "eqLowGain": 0, "eqMidGain": 0, "eqHighGain": 0, "fadeInTime": 0, "fadeOutTime": 0, "activePlaybackScheduledTime": null, "activePlaybackDuration": null, "activePlaybackTrimStart": null, "activePlaybackTrimEnd": null, "activePlaybackReversed": null },
      { "name": "Channel 16", "steps": [false,false,false,false,false,false,false,false,false,false,false,false,false,false,false,false,false,false,false,false,false,false,false,false,false,false,false,false,false,false,false,false,false,false,false,false,false,false,false,false,false,false,false,false,false,false,false,false,false,false,false,false,false,false,false,false,false,false,false,false,false,false,false,false], "src": null, "volume": 0.8, "mute": false, "solo": false, "pitch": 0, "reverse": false, "trimStart": 0, "trimEnd": 1, "hpfCutoff": 20, "hpfQ": 0.707, "lpfCutoff": 20000, "lpfQ": 0.707, "eqLowGain": 0, "eqMidGain": 0, "eqHighGain": 0, "fadeInTime": 0, "fadeOutTime": 0, "activePlaybackScheduledTime": null, "activePlaybackDuration": null, "activePlaybackTrimStart": null, "activePlaybackTrimEnd": null, "activePlaybackReversed": null }
    ],
    "playing": false,
    "currentStep": 0
  }