{
    "projectName": "Tribal Groove",
    "bpm": 110,
    "channels": [
      {
        "name": "Deep Tom 1 (Kick)",
        "steps": [
          true, false, false, false, false, false, true, false, false, false, false, false, true, false, false, false,
          true, false, false, true, false, false, false, false, false, false, true, false, false, false, false, false,
          true, false, false, false, false, false, true, false, false, false, false, false, true, false, true, false,
          true, false, false, true, false, false, false, false, true, false, true, false, false, false, false, false
        ],
        "src": "e7d344ef3098d0889856978c4d2e81ccf2358f7f8b66feecc71e03036c59ad48i0",
        "volume": 0.8, "mute": false, "solo": false, "pitch": -5, "reverse": false, "trimStart": 0, "trimEnd": 0.6,
        "hpfCutoff": 20, "hpfQ": 0.707, "lpfCutoff": 3000, "lpfQ": 0.8, "eqLowGain": 2, "eqMidGain": 0, "eqHighGain": -1,
        "fadeInTime": 0, "fadeOutTime": 0.05, "activePlaybackScheduledTime": null, "activePlaybackDuration": null,
        "activePlaybackTrimStart": 0, "activePlaybackTrimEnd": 0.6, "activePlaybackReversed": null
      },
      {
        "name": "Mid Tom (Denim)",
        "steps": [
          false, false, false, false, true, false, false, false, false, false, false, true, false, false, false, false,
          false, false, false, false, true, false, true, false, false, false, false, false, true, false, false, false,
          false, false, false, false, true, false, false, false, false, false, false, true, false, false, false, true,
          false, false, false, false, true, false, false, true, false, false, true, false, false, false, true, false
        ],
        "src": "a511d79317efac68fea3b14070bebe208aefde07ce1c55d6f4cfe42e8273cbdbi0",
        "volume": 0.7, "mute": false, "solo": false, "pitch": 0, "reverse": false, "trimStart": 0, "trimEnd": 0.4,
        "hpfCutoff": 80, "hpfQ": 0.707, "lpfCutoff": 5000, "lpfQ": 0.707, "eqLowGain": 0, "eqMidGain": 1, "eqHighGain": 0,
        "fadeInTime": 0, "fadeOutTime": 0.02, "activePlaybackScheduledTime": null, "activePlaybackDuration": null,
        "activePlaybackTrimStart": 0, "activePlaybackTrimEnd": 0.4, "activePlaybackReversed": null
      },
      {
        "name": "High Tom (Click)",
        "steps": [
          false, false, true, false, false, true, false, false, false, true, false, false, false, true, false, false,
          false, false, true, false, false, true, false, true, false, true, false, false, false, false, false, false,
          false, false, true, false, false, true, false, false, true, true, false, false, false, true, false, false,
          false, true, true, false, false, false, false, true, false, true, false, false, true, false, false, false
        ],
        "src": "1bda678460ef08fb64435b57c9b69fd78fd4556822ccd8e9839b4eb71b3621edi0",
        "volume": 0.6, "mute": false, "solo": false, "pitch": 7, "reverse": false, "trimStart": 0, "trimEnd": 0.15,
        "hpfCutoff": 500, "hpfQ": 0.707, "lpfCutoff": 10000, "lpfQ": 0.707, "eqLowGain": 0, "eqMidGain": 0, "eqHighGain": 1,
        "fadeInTime": 0, "fadeOutTime": 0, "activePlaybackScheduledTime": null, "activePlaybackDuration": null,
        "activePlaybackTrimStart": 0, "activePlaybackTrimEnd": 0.15, "activePlaybackReversed": null
      },
      {
        "name": "Clap Stick",
        "steps": [
          false, false, false, false, true, false, false, false, false, false, false, false, true, false, false, false,
          false, false, false, false, true, false, false, true, false, false, false, false, true, false, false, false,
          false, false, false, false, true, false, false, false, false, false, false, false, true, false, true, false,
          false, false, false, false, true, false, false, false, false, false, false, true, false, false, false, false
        ],
        "src": "3b7482a832c4f27c32fc1da7cc4249bbbac1cbdfbdb8673079cad0c33486d233i0",
        "volume": 0.75, "mute": false, "solo": false, "pitch": 2, "reverse": false, "trimStart": 0, "trimEnd": 0.5,
        "hpfCutoff": 200, "hpfQ": 0.707, "lpfCutoff": 12000, "lpfQ": 0.707, "eqLowGain": 0, "eqMidGain": 0, "eqHighGain": 0,
        "fadeInTime": 0, "fadeOutTime": 0.01, "activePlaybackScheduledTime": null, "activePlaybackDuration": null,
        "activePlaybackTrimStart": 0, "activePlaybackTrimEnd": 0.5, "activePlaybackReversed": null
      },
      {
        "name": "Cowbell Accent",
        "steps": [
          false, false, false, true, false, false, false, false, false, true, false, false, false, false, true, false,
          false, false, false, false, false, true, false, false, true, false, false, false, false, false, false, false,
          false, false, false, true, false, false, false, false, false, true, false, true, false, false, false, false,
          false, true, false, false, true, false, false, false, false, false, true, false, false, true, false, false
        ],
        "src": "3e5fe7bc10e37a145a75f7ddd71debd9079b05568c5b9c5e6b4de3d959a4c46bi0",
        "volume": 0.6, "mute": false, "solo": false, "pitch": 0, "reverse": false, "trimStart": 0, "trimEnd": 1,
        "hpfCutoff": 300, "hpfQ": 0.707, "lpfCutoff": 15000, "lpfQ": 0.707, "eqLowGain": 0, "eqMidGain": 0, "eqHighGain": 0,
        "fadeInTime": 0, "fadeOutTime": 0, "activePlaybackScheduledTime": null, "activePlaybackDuration": null,
        "activePlaybackTrimStart": 0, "activePlaybackTrimEnd": 1, "activePlaybackReversed": null
      },
      {
        "name": "Reversed Shaker (Hat)",
        "steps": [
          false, true, false, true, false, true, false, true, false, true, false, true, false, true, false, true,
          false, true, false, true, false, true, false, true, false, true, false, true, false, true, false, true,
          false, true, false, true, false, true, false, true, false, true, false, true, false, true, false, true,
          false, true, false, true, false, true, false, true, false, true, false, true, false, true, false, true
        ],
        "src": "d030eb3d8bcd68b0ed02b0c67fdb981342eea40b0383814f179a48e76927db93i0",
        "volume": 0.35, "mute": false, "solo": false, "pitch": 3, "reverse": true, "trimStart": 0.1, "trimEnd": 0.4,
        "hpfCutoff": 1000, "hpfQ": 0.707, "lpfCutoff": 18000, "lpfQ": 0.707, "eqLowGain": 0, "eqMidGain": 0, "eqHighGain": 0,
        "fadeInTime": 0, "fadeOutTime": 0.01, "activePlaybackScheduledTime": null, "activePlaybackDuration": null,
        "activePlaybackTrimStart": 0.1, "activePlaybackTrimEnd": 0.4, "activePlaybackReversed": null
      },
      {
        "name": "Synth Bass Pulse",
        "steps": [
          true, false, false, false, false, false, false, false, false, false, false, false, false, false, false, false,
          false, false, true, false, false, false, false, false, false, false, false, false, false, false, false, false,
          true, false, false, false, false, false, false, false, true, false, false, false, false, false, false, false,
          false, false, true, false, false, false, false, false, false, false, false, false, false, false, false, false
        ],
        "src": "ddc1838c1a6a3c45b2c6e19ff278c3b51b0797c3f1339c533370442d23687a68i0",
        "volume": 0.8, "mute": false, "solo": false, "pitch": -12, "reverse": false, "trimStart": 0, "trimEnd": 0.25,
        "hpfCutoff": 30, "hpfQ": 0.707, "lpfCutoff": 500, "lpfQ": 1.0, "eqLowGain": 2, "eqMidGain": 0, "eqHighGain": -2,
        "fadeInTime": 0, "fadeOutTime": 0.05, "activePlaybackScheduledTime": null, "activePlaybackDuration": null,
        "activePlaybackTrimStart": 0, "activePlaybackTrimEnd": 0.25, "activePlaybackReversed": null
      },
      {
        "name": "Glockenspiel FX",
        "steps": [
          false, false, false, false, false, false, false, false, false, false, false, false, true, false, false, false,
          false, false, false, false, false, false, false, false, false, false, false, false, false, false, false, true,
          false, false, false, false, false, false, false, false, false, false, true, false, false, false, false, false,
          false, false, false, false, false, false, false, true, false, false, false, false, false, false, false, false
        ],
        "src": "578aa9d3b29ceceafc659ecee22cb7ef1a063ba5b71474db8fe84949746cdeefi0",
        "volume": 0.5, "mute": false, "solo": false, "pitch": 7, "reverse": true, "trimStart": 0.1, "trimEnd": 0.6,
        "hpfCutoff": 600, "hpfQ": 0.707, "lpfCutoff": 10000, "lpfQ": 0.8, "eqLowGain": 0, "eqMidGain": 0, "eqHighGain": 0,
        "fadeInTime": 0.05, "fadeOutTime": 0.1, "activePlaybackScheduledTime": null, "activePlaybackDuration": null,
        "activePlaybackTrimStart": 0.1, "activePlaybackTrimEnd": 0.6, "activePlaybackReversed": null
      },
      { "name": "Channel 9", "steps": [false,false,false,false,false,false,false,false,false,false,false,false,false,false,false,false,false,false,false,false,false,false,false,false,false,false,false,false,false,false,false,false,false,false,false,false,false,false,false,false,false,false,false,false,false,false,false,false,false,false,false,false,false,false,false,false,false,false,false,false,false,false,false,false], "src": null, "volume": 0.8, "mute": false, "solo": false, "pitch": 0, "reverse": false, "trimStart": 0, "trimEnd": 1, "hpfCutoff": 20, "hpfQ": 0.707, "lpfCutoff": 20000, "lpfQ": 0.707, "eqLowGain": 0, "eqMidGain": 0, "eqHighGain": 0, "fadeInTime": 0, "fadeOutTime": 0, "activePlaybackScheduledTime": null, "activePlaybackDuration": null, "activePlaybackTrimStart": null, "activePlaybackTrimEnd": null, "activePlaybackReversed": null },
      { "name": "Channel 10", "steps": [false,false,false,false,false,false,false,false,false,false,false,false,false,false,false,false,false,false,false,false,false,false,false,false,false,false,false,false,false,false,false,false,false,false,false,false,false,false,false,false,false,false,false,false,false,false,false,false,false,false,false,false,false,false,false,false,false,false,false,false,false,false,false,false], "src": null, "volume": 0.8, "mute": false, "solo": false, "pitch": 0, "reverse": false, "trimStart": 0, "trimEnd": 1, "hpfCutoff": 20, "hpfQ": 0.707, "lpfCutoff": 20000, "lpfQ": 0.707, "eqLowGain": 0, "eqMidGain": 0, "eqHighGain": 0, "fadeInTime": 0, "fadeOutTime": 0, "activePlaybackScheduledTime": null, "activePlaybackDuration": null, "activePlaybackTrimStart": null, "activePlaybackTrimEnd": null, "activePlaybackReversed": null },
      { "name": "Channel 11", "steps": [false,false,false,false,false,false,false,false,false,false,false,false,false,false,false,false,false,false,false,false,false,false,false,false,false,false,false,false,false,false,false,false,false,false,false,false,false,false,false,false,false,false,false,false,false,false,false,false,false,false,false,false,false,false,false,false,false,false,false,false,false,false,false,false], "src": null, "volume": 0.8, "mute": false, "solo": false, "pitch": 0, "reverse": false, "trimStart": 0, "trimEnd": 1, "hpfCutoff": 20, "hpfQ": 0.707, "lpfCutoff": 20000, "lpfQ": 0.707, "eqLowGain": 0, "eqMidGain": 0, "eqHighGain": 0, "fadeInTime": 0, "fadeOutTime": 0, "activePlaybackScheduledTime": null, "activePlaybackDuration": null, "activePlaybackTrimStart": null, "activePlaybackTrimEnd": null, "activePlaybackReversed": null },
      { "name": "Channel 12", "steps": [false,false,false,false,false,false,false,false,false,false,false,false,false,false,false,false,false,false,false,false,false,false,false,false,false,false,false,false,false,false,false,false,false,false,false,false,false,false,false,false,false,false,false,false,false,false,false,false,false,false,false,false,false,false,false,false,false,false,false,false,false,false,false,false], "src": null, "volume": 0.8, "mute": false, "solo": false, "pitch": 0, "reverse": false, "trimStart": 0, "trimEnd": 1, "hpfCutoff": 20, "hpfQ": 0.707, "lpfCutoff": 20000, "lpfQ": 0.707, "eqLowGain": 0, "eqMidGain": 0, "eqHighGain": 0, "fadeInTime": 0, "fadeOutTime": 0, "activePlaybackScheduledTime": null, "activePlaybackDuration": null, "activePlaybackTrimStart": null, "activePlaybackTrimEnd": null, "activePlaybackReversed": null },
      { "name": "Channel 13", "steps": [false,false,false,false,false,false,false,false,false,false,false,false,false,false,false,false,false,false,false,false,false,false,false,false,false,false,false,false,false,false,false,false,false,false,false,false,false,false,false,false,false,false,false,false,false,false,false,false,false,false,false,false,false,false,false,false,false,false,false,false,false,false,false,false], "src": null, "volume": 0.8, "mute": false, "solo": false, "pitch": 0, "reverse": false, "trimStart": 0, "trimEnd": 1, "hpfCutoff": 20, "hpfQ": 0.707, "lpfCutoff": 20000, "lpfQ": 0.707, "eqLowGain": 0, "eqMidGain": 0, "eqHighGain": 0, "fadeInTime": 0, "fadeOutTime": 0, "activePlaybackScheduledTime": null, "activePlaybackDuration": null, "activePlaybackTrimStart": null, "activePlaybackTrimEnd": null, "activePlaybackReversed": null },
      { "name": "Channel 14", "steps": [false,false,false,false,false,false,false,false,false,false,false,false,false,false,false,false,false,false,false,false,false,false,false,false,false,false,false,false,false,false,false,false,false,false,false,false,false,false,false,false,false,false,false,false,false,false,false,false,false,false,false,false,false,false,false,false,false,false,false,false,false,false,false,false], "src": null, "volume": 0.8, "mute": false, "solo": false, "pitch": 0, "reverse": false, "trimStart": 0, "trimEnd": 1, "hpfCutoff": 20, "hpfQ": 0.707, "lpfCutoff": 20000, "lpfQ": 0.707, "eqLowGain": 0, "eqMidGain": 0, "eqHighGain": 0, "fadeInTime": 0, "fadeOutTime": 0, "activePlaybackScheduledTime": null, "activePlaybackDuration": null, "activePlaybackTrimStart": null, "activePlaybackTrimEnd": null, "activePlaybackReversed": null },
      { "name": "Channel 15", "steps": [false,false,false,false,false,false,false,false,false,false,false,false,false,false,false,false,false,false,false,false,false,false,false,false,false,false,false,false,false,false,false,false,false,false,false,false,false,false,false,false,false,false,false,false,false,false,false,false,false,false,false,false,false,false,false,false,false,false,false,false,false,false,false,false], "src": null, "volume": 0.8, "mute": false, "solo": false, "pitch": 0, "reverse": false, "trimStart": 0, "trimEnd": 1, "hpfCutoff": 20, "hpfQ": 0.707, "lpfCutoff": 20000, "lpfQ": 0.707, "eqLowGain": 0, "eqMidGain": 0, "eqHighGain": 0, "fadeInTime": 0, "fadeOutTime": 0, "activePlaybackScheduledTime": null, "activePlaybackDuration": null, "activePlaybackTrimStart": null, "activePlaybackTrimEnd": null, "activePlaybackReversed": null },
      { "name": "Channel 16", "steps": [false,false,false,false,false,false,false,false,false,false,false,false,false,false,false,false,false,false,false,false,false,false,false,false,false,false,false,false,false,false,false,false,false,false,false,false,false,false,false,false,false,false,false,false,false,false,false,false,false,false,false,false,false,false,false,false,false,false,false,false,false,false,false,false], "src": null, "volume": 0.8, "mute": false, "solo": false, "pitch": 0, "reverse": false, "trimStart": 0, "trimEnd": 1, "hpfCutoff": 20, "hpfQ": 0.707, "lpfCutoff": 20000, "lpfQ": 0.707, "eqLowGain": 0, "eqMidGain": 0, "eqHighGain": 0, "fadeInTime": 0, "fadeOutTime": 0, "activePlaybackScheduledTime": null, "activePlaybackDuration": null, "activePlaybackTrimStart": null, "activePlaybackTrimEnd": null, "activePlaybackReversed": null }
    ],
    "playing": false,
    "currentStep": 0
  }