{
    "projectName": "Denim Funk Jam",
    "bpm": 118,
    "channels": [
      {
        "name": "Denim Kick Alt",
        "steps": [
          true, false, false, true, false, false, true, false, true, false, false, false, true, false, true, false,
          true, false, false, true, false, false, true, false, true, false, true, false, true, false, true, false,
          true, false, false, true, false, false, true, false, true, false, false, false, true, false, true, false,
          true, false, true, true, false, false, true, false, true, false, false, true, true, false, true, false
        ],
        "src": "5b2dc7be28ad70c233b06d0ba23888aa38eb8711c24f8462d2774ac5fb7e7212i0",
        "volume": 0.9, "mute": false, "solo": false, "pitch": 0, "reverse": false, "trimStart": 0, "trimEnd": 1,
        "hpfCutoff": 20, "hpfQ": 0.707, "lpfCutoff": 20000, "lpfQ": 0.707, "eqLowGain": 1, "eqMidGain": 0, "eqHighGain": 0,
        "fadeInTime": 0, "fadeOutTime": 0.01, "activePlaybackScheduledTime": null, "activePlaybackDuration": null,
        "activePlaybackTrimStart": 0, "activePlaybackTrimEnd": 1, "activePlaybackReversed": null
      },
      {
        "name": "808 Snare",
        "steps": [
          false, false, false, false, true, false, false, false, false, false, false, false, true, false, false, false,
          false, false, false, false, true, false, false, false, false, false, false, false, true, false, false, true,
          false, false, false, false, true, false, false, false, false, false, false, false, true, false, false, false,
          false, false, false, false, true, false, false, true, false, false, false, false, true, false, true, false
        ],
        "src": "ef5707e6ecf4d5b6edb4c3a371ca1c57b5d1057c6505ccb5f8bdc8918b0c4d94i0",
        "volume": 0.8, "mute": false, "solo": false, "pitch": 0, "reverse": false, "trimStart": 0, "trimEnd": 1,
        "hpfCutoff": 100, "hpfQ": 0.707, "lpfCutoff": 18000, "lpfQ": 0.707, "eqLowGain": 0, "eqMidGain": 1, "eqHighGain": 0,
        "fadeInTime": 0, "fadeOutTime": 0.01, "activePlaybackScheduledTime": null, "activePlaybackDuration": null,
        "activePlaybackTrimStart": 0, "activePlaybackTrimEnd": 1, "activePlaybackReversed": null
      },
      {
        "name": "Funky Hats",
        "steps": [
          true, false, true, true, true, false, true, false, true, false, true, true, true, false, true, false,
          true, false, true, true, true, false, true, false, true, false, true, true, true, true, true, false,
          true, false, true, true, true, false, true, false, true, false, true, true, true, false, true, false,
          true, true, true, true, true, false, true, true, true, false, true, true, true, true, true, true
        ],
        "src": "d030eb3d8bcd68b0ed02b0c67fdb981342eea40b0383814f179a48e76927db93i0",
        "volume": 0.6, "mute": false, "solo": false, "pitch": 1, "reverse": false, "trimStart": 0, "trimEnd": 0.4,
        "hpfCutoff": 500, "hpfQ": 0.707, "lpfCutoff": 20000, "lpfQ": 0.707, "eqLowGain": 0, "eqMidGain": 0, "eqHighGain": 0,
        "fadeInTime": 0, "fadeOutTime": 0, "activePlaybackScheduledTime": null, "activePlaybackDuration": null,
        "activePlaybackTrimStart": 0, "activePlaybackTrimEnd": 0.4, "activePlaybackReversed": null
      },
      {
        "name": "Melophonic Bass",  
        "steps": [
          true, false, false, false, false, true, false, false, true, false, false, true, false, false, false, false,
          true, false, true, false, false, false, false, true, true, false, false, false, false, true, false, false,
          true, false, false, false, false, true, false, true, true, false, false, true, false, false, false, false,
          true, false, true, false, false, false, true, false, true, false, false, false, true, false, true, false
        ],
        "src": "0b8eff3f39f4095d0f129bb8dd75f29159f8725c7e66046bf41f70ebb9f60d93i0",
        "volume": 0.85, "mute": false, "solo": false, "pitch": -1, 
        "reverse": false, "trimStart": 0, "trimEnd": 1,
        "hpfCutoff": 40, "hpfQ": 0.707, "lpfCutoff": 800, "lpfQ": 1.0, 
        "eqLowGain": 2, "eqMidGain": -1, "eqHighGain": -2,
        "fadeInTime": 0, "fadeOutTime": 0.05, "activePlaybackScheduledTime": null, "activePlaybackDuration": null,
        "activePlaybackTrimStart": 0, "activePlaybackTrimEnd": 1, "activePlaybackReversed": null
      },
      {
        "name": "MS10 Woop FX",
        "steps": [
          false, false, false, false, false, false, false, false, false, false, false, false, false, true, false, false,
          false, false, false, false, false, false, false, false, false, false, false, false, false, false, false, false,
          false, false, false, false, false, false, false, true, false, false, false, false, false, false, false, false,
          false, false, false, false, false, false, false, false, false, true, false, false, false, false, true, false
        ],
        "src": "752bd66406185690c6f14311060785170df91a887b42740e1dde27e5fbf351cbi0",
        "volume": 0.7, "mute": false, "solo": false, "pitch": 0, "reverse": false, "trimStart": 0, "trimEnd": 1,
        "hpfCutoff": 100, "hpfQ": 0.707, "lpfCutoff": 15000, "lpfQ": 0.707, "eqLowGain": 0, "eqMidGain": 0, "eqHighGain": 0,
        "fadeInTime": 0, "fadeOutTime": 0, "activePlaybackScheduledTime": null, "activePlaybackDuration": null,
        "activePlaybackTrimStart": 0, "activePlaybackTrimEnd": 1, "activePlaybackReversed": null
      },
      {
        "name": "Cowbell Groove",
        "steps": [
          false, false, true, false, true, false, true, false, false, false, true, false, true, false, true, false,
          false, false, true, false, true, true, true, false, false, false, true, false, true, false, true, false,
          false, false, true, false, true, false, true, false, false, false, true, false, true, false, true, false,
          false, true, true, false, true, false, true, true, false, false, true, false, true, true, true, false
        ],
        "src": "3e5fe7bc10e37a145a75f7ddd71debd9079b05568c5b9c5e6b4de3d959a4c46bi0",
        "volume": 0.55, "mute": false, "solo": false, "pitch": 0, "reverse": false, "trimStart": 0, "trimEnd": 1,
        "hpfCutoff": 200, "hpfQ": 0.707, "lpfCutoff": 16000, "lpfQ": 0.707, "eqLowGain": 0, "eqMidGain": 0, "eqHighGain": 0,
        "fadeInTime": 0, "fadeOutTime": 0, "activePlaybackScheduledTime": null, "activePlaybackDuration": null,
        "activePlaybackTrimStart": 0, "activePlaybackTrimEnd": 1, "activePlaybackReversed": null
      },
      {
        "name": "Small Click Shaker",
        "steps": [
          false, true, true, true, false, true, true, true, false, true, true, true, false, true, true, true,
          false, true, true, true, false, true, true, true, false, true, true, true, false, true, true, true,
          false, true, true, true, false, true, true, true, false, true, true, true, false, true, true, true,
          false, true, true, true, false, true, true, true, false, true, true, true, false, true, true, true
        ],
        "src": "1bda678460ef08fb64435b57c9b69fd78fd4556822ccd8e9839b4eb71b3621edi0",
        "volume": 0.4, "mute": false, "solo": false, "pitch": 7, "reverse": false, "trimStart": 0, "trimEnd": 0.15,
        "hpfCutoff": 1200, "hpfQ": 0.707, "lpfCutoff": 20000, "lpfQ": 0.707, "eqLowGain": 0, "eqMidGain": 0, "eqHighGain": 1,
        "fadeInTime": 0, "fadeOutTime": 0, "activePlaybackScheduledTime": null, "activePlaybackDuration": null,
        "activePlaybackTrimStart": 0, "activePlaybackTrimEnd": 0.15, "activePlaybackReversed": null
      },
      {
        "name": "Audional Jim Stabs",
        "steps": [
          false, false, false, false, false, false, false, false, true, false, false, false, false, false, false, false,
          false, false, false, false, false, false, true, false, false, false, false, false, false, false, false, false,
          false, false, false, false, false, false, false, false, false, true, false, false, false, false, false, false,
          false, false, false, false, true, false, false, false, false, false, false, false, true, false, false, false
        ],
        "src": "c41587924f9d93d01cb71ca925fd664d6e50f1ac8e3c975d5e1e1f1bb0ff11b3i0",
        "volume": 0.6, "mute": false, "solo": false, "pitch": 0, "reverse": false, "trimStart": 0, "trimEnd": 1,
        "hpfCutoff": 150, "hpfQ": 0.707, "lpfCutoff": 20000, "lpfQ": 0.707, "eqLowGain": 0, "eqMidGain": 0, "eqHighGain": 0,
        "fadeInTime": 0, "fadeOutTime": 0.02, "activePlaybackScheduledTime": null, "activePlaybackDuration": null,
        "activePlaybackTrimStart": 0, "activePlaybackTrimEnd": 1, "activePlaybackReversed": null
      },
      {
        "name": "808 Clap Layer",
        "steps": [
          false, false, false, false, true, false, false, false, false, false, false, false, true, false, false, false,
          false, false, false, false, true, false, false, false, false, false, false, false, true, false, false, true,
          false, false, false, false, true, false, false, false, false, false, false, false, true, false, false, false,
          false, false, false, false, true, false, false, true, false, false, false, false, true, false, true, false
        ],
        "src": "3b7482a832c4f27c32fc1da7cc4249bbbac1cbdfbdb8673079cad0c33486d233i0",
        "volume": 0.65, "mute": false, "solo": false, "pitch": 1, "reverse": false, "trimStart": 0, "trimEnd": 1,
        "hpfCutoff": 120, "hpfQ": 0.707, "lpfCutoff": 17000, "lpfQ": 0.707, "eqLowGain": 0, "eqMidGain": 0, "eqHighGain": 0,
        "fadeInTime": 0, "fadeOutTime": 0, "activePlaybackScheduledTime": null, "activePlaybackDuration": null,
        "activePlaybackTrimStart": 0, "activePlaybackTrimEnd": 1, "activePlaybackReversed": null
      },

      { "name": "Channel 10", "steps": [false,false,false,false,false,false,false,false,false,false,false,false,false,false,false,false,false,false,false,false,false,false,false,false,false,false,false,false,false,false,false,false,false,false,false,false,false,false,false,false,false,false,false,false,false,false,false,false,false,false,false,false,false,false,false,false,false,false,false,false,false,false,false,false], "src": null, "volume": 0.8, "mute": false, "solo": false, "pitch": 0, "reverse": false, "trimStart": 0, "trimEnd": 1, "hpfCutoff": 20, "hpfQ": 0.707, "lpfCutoff": 20000, "lpfQ": 0.707, "eqLowGain": 0, "eqMidGain": 0, "eqHighGain": 0, "fadeInTime": 0, "fadeOutTime": 0, "activePlaybackScheduledTime": null, "activePlaybackDuration": null, "activePlaybackTrimStart": null, "activePlaybackTrimEnd": null, "activePlaybackReversed": null },
      { "name": "Channel 11", "steps": [false,false,false,false,false,false,false,false,false,false,false,false,false,false,false,false,false,false,false,false,false,false,false,false,false,false,false,false,false,false,false,false,false,false,false,false,false,false,false,false,false,false,false,false,false,false,false,false,false,false,false,false,false,false,false,false,false,false,false,false,false,false,false,false], "src": null, "volume": 0.8, "mute": false, "solo": false, "pitch": 0, "reverse": false, "trimStart": 0, "trimEnd": 1, "hpfCutoff": 20, "hpfQ": 0.707, "lpfCutoff": 20000, "lpfQ": 0.707, "eqLowGain": 0, "eqMidGain": 0, "eqHighGain": 0, "fadeInTime": 0, "fadeOutTime": 0, "activePlaybackScheduledTime": null, "activePlaybackDuration": null, "activePlaybackTrimStart": null, "activePlaybackTrimEnd": null, "activePlaybackReversed": null },
      { "name": "Channel 12", "steps": [false,false,false,false,false,false,false,false,false,false,false,false,false,false,false,false,false,false,false,false,false,false,false,false,false,false,false,false,false,false,false,false,false,false,false,false,false,false,false,false,false,false,false,false,false,false,false,false,false,false,false,false,false,false,false,false,false,false,false,false,false,false,false,false], "src": null, "volume": 0.8, "mute": false, "solo": false, "pitch": 0, "reverse": false, "trimStart": 0, "trimEnd": 1, "hpfCutoff": 20, "hpfQ": 0.707, "lpfCutoff": 20000, "lpfQ": 0.707, "eqLowGain": 0, "eqMidGain": 0, "eqHighGain": 0, "fadeInTime": 0, "fadeOutTime": 0, "activePlaybackScheduledTime": null, "activePlaybackDuration": null, "activePlaybackTrimStart": null, "activePlaybackTrimEnd": null, "activePlaybackReversed": null },
      { "name": "Channel 13", "steps": [false,false,false,false,false,false,false,false,false,false,false,false,false,false,false,false,false,false,false,false,false,false,false,false,false,false,false,false,false,false,false,false,false,false,false,false,false,false,false,false,false,false,false,false,false,false,false,false,false,false,false,false,false,false,false,false,false,false,false,false,false,false,false,false], "src": null, "volume": 0.8, "mute": false, "solo": false, "pitch": 0, "reverse": false, "trimStart": 0, "trimEnd": 1, "hpfCutoff": 20, "hpfQ": 0.707, "lpfCutoff": 20000, "lpfQ": 0.707, "eqLowGain": 0, "eqMidGain": 0, "eqHighGain": 0, "fadeInTime": 0, "fadeOutTime": 0, "activePlaybackScheduledTime": null, "activePlaybackDuration": null, "activePlaybackTrimStart": null, "activePlaybackTrimEnd": null, "activePlaybackReversed": null },
      { "name": "Channel 14", "steps": [false,false,false,false,false,false,false,false,false,false,false,false,false,false,false,false,false,false,false,false,false,false,false,false,false,false,false,false,false,false,false,false,false,false,false,false,false,false,false,false,false,false,false,false,false,false,false,false,false,false,false,false,false,false,false,false,false,false,false,false,false,false,false,false], "src": null, "volume": 0.8, "mute": false, "solo": false, "pitch": 0, "reverse": false, "trimStart": 0, "trimEnd": 1, "hpfCutoff": 20, "hpfQ": 0.707, "lpfCutoff": 20000, "lpfQ": 0.707, "eqLowGain": 0, "eqMidGain": 0, "eqHighGain": 0, "fadeInTime": 0, "fadeOutTime": 0, "activePlaybackScheduledTime": null, "activePlaybackDuration": null, "activePlaybackTrimStart": null, "activePlaybackTrimEnd": null, "activePlaybackReversed": null },
      { "name": "Channel 15", "steps": [false,false,false,false,false,false,false,false,false,false,false,false,false,false,false,false,false,false,false,false,false,false,false,false,false,false,false,false,false,false,false,false,false,false,false,false,false,false,false,false,false,false,false,false,false,false,false,false,false,false,false,false,false,false,false,false,false,false,false,false,false,false,false,false], "src": null, "volume": 0.8, "mute": false, "solo": false, "pitch": 0, "reverse": false, "trimStart": 0, "trimEnd": 1, "hpfCutoff": 20, "hpfQ": 0.707, "lpfCutoff": 20000, "lpfQ": 0.707, "eqLowGain": 0, "eqMidGain": 0, "eqHighGain": 0, "fadeInTime": 0, "fadeOutTime": 0, "activePlaybackScheduledTime": null, "activePlaybackDuration": null, "activePlaybackTrimStart": null, "activePlaybackTrimEnd": null, "activePlaybackReversed": null },
      { "name": "Channel 16", "steps": [false,false,false,false,false,false,false,false,false,false,false,false,false,false,false,false,false,false,false,false,false,false,false,false,false,false,false,false,false,false,false,false,false,false,false,false,false,false,false,false,false,false,false,false,false,false,false,false,false,false,false,false,false,false,false,false,false,false,false,false,false,false,false,false], "src": null, "volume": 0.8, "mute": false, "solo": false, "pitch": 0, "reverse": false, "trimStart": 0, "trimEnd": 1, "hpfCutoff": 20, "hpfQ": 0.707, "lpfCutoff": 20000, "lpfQ": 0.707, "eqLowGain": 0, "eqMidGain": 0, "eqHighGain": 0, "fadeInTime": 0, "fadeOutTime": 0, "activePlaybackScheduledTime": null, "activePlaybackDuration": null, "activePlaybackTrimStart": null, "activePlaybackTrimEnd": null, "activePlaybackReversed": null }
    ],
    "playing": false,
    "currentStep": 0
  }