{
    "projectName": "Garage Shuffle",
    "bpm": 132,
    "channels": [
      {
        "name": "Garage Kick",
        "steps": [
          true, false, false, true, false, false, true, false, true, false, false, false, true, false, false, true,
          true, false, false, true, false, false, false, true, true, false, false, true, false, false, true, false,
          true, false, false, true, false, false, true, false, true, false, false, false, true, false, false, true,
          true, false, true, true, false, true, false, false, true, false, false, true, false, false, true, false
        ],
        "src": "437868aecce108d49f9b29c2f477987cb5834ffdf639a650335af7f0fdd5e55bi0",
        "volume": 0.85, "mute": false, "solo": false, "pitch": 0, "reverse": false, "trimStart": 0, "trimEnd": 0.35,
        "hpfCutoff": 25, "hpfQ": 0.707, "lpfCutoff": 8000, "lpfQ": 0.707, "eqLowGain": 1, "eqMidGain": 0, "eqHighGain": 0,
        "fadeInTime": 0, "fadeOutTime": 0.01, "activePlaybackScheduledTime": null, "activePlaybackDuration": null,
        "activePlaybackTrimStart": 0, "activePlaybackTrimEnd": 0.35, "activePlaybackReversed": null
      },
      {
        "name": "Snappy Snare",
        "steps": [
          false, false, false, false, true, false, false, false, false, false, false, false, true, false, false, false,
          false, false, false, false, true, false, false, true, false, false, false, false, true, false, false, true,
          false, false, false, false, true, false, false, false, false, false, false, false, true, false, false, false,
          false, false, false, false, true, false, false, true, false, false, true, false, true, false, false, false
        ],
        "src": "3be1f8e37b718f5b9874aecad792504c5822dc8dfc727ad4928594f7725db987i0",
        "volume": 0.75, "mute": false, "solo": false, "pitch": 0, "reverse": false, "trimStart": 0, "trimEnd": 0.3,
        "hpfCutoff": 120, "hpfQ": 0.707, "lpfCutoff": 14000, "lpfQ": 0.707, "eqLowGain": 0, "eqMidGain": 0, "eqHighGain": 1,
        "fadeInTime": 0, "fadeOutTime": 0.005, "activePlaybackScheduledTime": null, "activePlaybackDuration": null,
        "activePlaybackTrimStart": 0, "activePlaybackTrimEnd": 0.3, "activePlaybackReversed": null
      },
      {
        "name": "Shuffling Hats",
        "steps": [
          true, false, true, true, true, false, true, false, true, false, true, true, true, false, true, true,
          true, false, true, true, true, true, true, false, true, false, true, true, true, true, true, false,
          true, false, true, true, true, false, true, true, true, false, true, true, true, false, true, false,
          true, true, true, true, true, true, true, true, true, false, true, true, true, true, true, true
        ],
        "src": "d030eb3d8bcd68b0ed02b0c67fdb981342eea40b0383814f179a48e76927db93i0",
        "volume": 0.6, "mute": false, "solo": false, "pitch": 1, "reverse": false, "trimStart": 0, "trimEnd": 0.09,
        "hpfCutoff": 900, "hpfQ": 0.707, "lpfCutoff": 19000, "lpfQ": 0.707, "eqLowGain": 0, "eqMidGain": 0, "eqHighGain": 0,
        "fadeInTime": 0, "fadeOutTime": 0, "activePlaybackScheduledTime": null, "activePlaybackDuration": null,
        "activePlaybackTrimStart": 0, "activePlaybackTrimEnd": 0.09, "activePlaybackReversed": null
      },
      {
        "name": "Offbeat Click (Rim)",
        "steps": [
          false, false, false, true, false, false, false, false, false, false, false, true, false, false, false, false,
          false, false, false, true, false, false, false, true, false, false, false, true, false, false, false, true,
          false, false, false, true, false, false, false, false, false, false, false, true, false, false, false, false,
          false, false, false, true, false, false, true, false, false, false, false, true, false, false, false, true
        ],
        "src": "1bda678460ef08fb64435b57c9b69fd78fd4556822ccd8e9839b4eb71b3621edi0",
        "volume": 0.5, "mute": false, "solo": false, "pitch": 5, "reverse": false, "trimStart": 0, "trimEnd": 0.07,
        "hpfCutoff": 800, "hpfQ": 0.707, "lpfCutoff": 15000, "lpfQ": 0.707, "eqLowGain": 0, "eqMidGain": 0, "eqHighGain": 0,
        "fadeInTime": 0, "fadeOutTime": 0, "activePlaybackScheduledTime": null, "activePlaybackDuration": null,
        "activePlaybackTrimStart": 0, "activePlaybackTrimEnd": 0.07, "activePlaybackReversed": null
      },
      {
        "name": "Synth Bass Garage",
        "steps": [
          true, false, false, false, false, true, false, false, false, false, false, false, true, false, false, false,
          false, false, true, false, false, false, false, false, true, false, false, false, false, false, true, false,
          true, false, false, true, false, false, false, false, false, false, false, false, true, false, false, false,
          false, false, false, false, true, false, false, true, false, false, false, false, false, false, false, false
        ],
        "src": "ddc1838c1a6a3c45b2c6e19ff278c3b51b0797c3f1339c533370442d23687a68i0",
        "volume": 0.8, "mute": false, "solo": false, "pitch": -5, "reverse": false, "trimStart": 0, "trimEnd": 0.2,
        "hpfCutoff": 40, "hpfQ": 0.707, "lpfCutoff": 700, "lpfQ": 1.0, "eqLowGain": 2, "eqMidGain": 0, "eqHighGain": -1,
        "fadeInTime": 0, "fadeOutTime": 0.04, "activePlaybackScheduledTime": null, "activePlaybackDuration": null,
        "activePlaybackTrimStart": 0, "activePlaybackTrimEnd": 0.2, "activePlaybackReversed": null
      },
      {
        "name": "Clap Garage Accent",
        "steps": [
          false, false, false, false, false, false, false, false, true, false, false, false, false, false, false, false,
          false, false, false, false, false, false, false, false, false, false, false, false, false, false, false, false,
          false, false, false, false, true, false, false, false, false, false, false, false, false, false, false, true,
          false, false, false, false, false, false, false, false, false, false, false, true, false, false, false, false
        ],
        "src": "3b7482a832c4f27c32fc1da7cc4249bbbac1cbdfbdb8673079cad0c33486d233i0",
        "volume": 0.65, "mute": false, "solo": false, "pitch": 2, "reverse": false, "trimStart": 0, "trimEnd": 0.4,
        "hpfCutoff": 100, "hpfQ": 0.707, "lpfCutoff": 16000, "lpfQ": 0.707, "eqLowGain": 0, "eqMidGain": 0, "eqHighGain": 0,
        "fadeInTime": 0, "fadeOutTime": 0.01, "activePlaybackScheduledTime": null, "activePlaybackDuration": null,
        "activePlaybackTrimStart": 0, "activePlaybackTrimEnd": 0.4, "activePlaybackReversed": null
      },
      { "name": "Channel 7", "steps": [false,false,false,false,false,false,false,false,false,false,false,false,false,false,false,false,false,false,false,false,false,false,false,false,false,false,false,false,false,false,false,false,false,false,false,false,false,false,false,false,false,false,false,false,false,false,false,false,false,false,false,false,false,false,false,false,false,false,false,false,false,false,false,false], "src": null, "volume": 0.8, "mute": false, "solo": false, "pitch": 0, "reverse": false, "trimStart": 0, "trimEnd": 1, "hpfCutoff": 20, "hpfQ": 0.707, "lpfCutoff": 20000, "lpfQ": 0.707, "eqLowGain": 0, "eqMidGain": 0, "eqHighGain": 0, "fadeInTime": 0, "fadeOutTime": 0, "activePlaybackScheduledTime": null, "activePlaybackDuration": null, "activePlaybackTrimStart": null, "activePlaybackTrimEnd": null, "activePlaybackReversed": null },
      { "name": "Channel 8", "steps": [false,false,false,false,false,false,false,false,false,false,false,false,false,false,false,false,false,false,false,false,false,false,false,false,false,false,false,false,false,false,false,false,false,false,false,false,false,false,false,false,false,false,false,false,false,false,false,false,false,false,false,false,false,false,false,false,false,false,false,false,false,false,false,false], "src": null, "volume": 0.8, "mute": false, "solo": false, "pitch": 0, "reverse": false, "trimStart": 0, "trimEnd": 1, "hpfCutoff": 20, "hpfQ": 0.707, "lpfCutoff": 20000, "lpfQ": 0.707, "eqLowGain": 0, "eqMidGain": 0, "eqHighGain": 0, "fadeInTime": 0, "fadeOutTime": 0, "activePlaybackScheduledTime": null, "activePlaybackDuration": null, "activePlaybackTrimStart": null, "activePlaybackTrimEnd": null, "activePlaybackReversed": null },
      { "name": "Channel 9", "steps": [false,false,false,false,false,false,false,false,false,false,false,false,false,false,false,false,false,false,false,false,false,false,false,false,false,false,false,false,false,false,false,false,false,false,false,false,false,false,false,false,false,false,false,false,false,false,false,false,false,false,false,false,false,false,false,false,false,false,false,false,false,false,false,false], "src": null, "volume": 0.8, "mute": false, "solo": false, "pitch": 0, "reverse": false, "trimStart": 0, "trimEnd": 1, "hpfCutoff": 20, "hpfQ": 0.707, "lpfCutoff": 20000, "lpfQ": 0.707, "eqLowGain": 0, "eqMidGain": 0, "eqHighGain": 0, "fadeInTime": 0, "fadeOutTime": 0, "activePlaybackScheduledTime": null, "activePlaybackDuration": null, "activePlaybackTrimStart": null, "activePlaybackTrimEnd": null, "activePlaybackReversed": null },
      { "name": "Channel 10", "steps": [false,false,false,false,false,false,false,false,false,false,false,false,false,false,false,false,false,false,false,false,false,false,false,false,false,false,false,false,false,false,false,false,false,false,false,false,false,false,false,false,false,false,false,false,false,false,false,false,false,false,false,false,false,false,false,false,false,false,false,false,false,false,false,false], "src": null, "volume": 0.8, "mute": false, "solo": false, "pitch": 0, "reverse": false, "trimStart": 0, "trimEnd": 1, "hpfCutoff": 20, "hpfQ": 0.707, "lpfCutoff": 20000, "lpfQ": 0.707, "eqLowGain": 0, "eqMidGain": 0, "eqHighGain": 0, "fadeInTime": 0, "fadeOutTime": 0, "activePlaybackScheduledTime": null, "activePlaybackDuration": null, "activePlaybackTrimStart": null, "activePlaybackTrimEnd": null, "activePlaybackReversed": null },
      { "name": "Channel 11", "steps": [false,false,false,false,false,false,false,false,false,false,false,false,false,false,false,false,false,false,false,false,false,false,false,false,false,false,false,false,false,false,false,false,false,false,false,false,false,false,false,false,false,false,false,false,false,false,false,false,false,false,false,false,false,false,false,false,false,false,false,false,false,false,false,false], "src": null, "volume": 0.8, "mute": false, "solo": false, "pitch": 0, "reverse": false, "trimStart": 0, "trimEnd": 1, "hpfCutoff": 20, "hpfQ": 0.707, "lpfCutoff": 20000, "lpfQ": 0.707, "eqLowGain": 0, "eqMidGain": 0, "eqHighGain": 0, "fadeInTime": 0, "fadeOutTime": 0, "activePlaybackScheduledTime": null, "activePlaybackDuration": null, "activePlaybackTrimStart": null, "activePlaybackTrimEnd": null, "activePlaybackReversed": null },
      { "name": "Channel 12", "steps": [false,false,false,false,false,false,false,false,false,false,false,false,false,false,false,false,false,false,false,false,false,false,false,false,false,false,false,false,false,false,false,false,false,false,false,false,false,false,false,false,false,false,false,false,false,false,false,false,false,false,false,false,false,false,false,false,false,false,false,false,false,false,false,false], "src": null, "volume": 0.8, "mute": false, "solo": false, "pitch": 0, "reverse": false, "trimStart": 0, "trimEnd": 1, "hpfCutoff": 20, "hpfQ": 0.707, "lpfCutoff": 20000, "lpfQ": 0.707, "eqLowGain": 0, "eqMidGain": 0, "eqHighGain": 0, "fadeInTime": 0, "fadeOutTime": 0, "activePlaybackScheduledTime": null, "activePlaybackDuration": null, "activePlaybackTrimStart": null, "activePlaybackTrimEnd": null, "activePlaybackReversed": null },
      { "name": "Channel 13", "steps": [false,false,false,false,false,false,false,false,false,false,false,false,false,false,false,false,false,false,false,false,false,false,false,false,false,false,false,false,false,false,false,false,false,false,false,false,false,false,false,false,false,false,false,false,false,false,false,false,false,false,false,false,false,false,false,false,false,false,false,false,false,false,false,false], "src": null, "volume": 0.8, "mute": false, "solo": false, "pitch": 0, "reverse": false, "trimStart": 0, "trimEnd": 1, "hpfCutoff": 20, "hpfQ": 0.707, "lpfCutoff": 20000, "lpfQ": 0.707, "eqLowGain": 0, "eqMidGain": 0, "eqHighGain": 0, "fadeInTime": 0, "fadeOutTime": 0, "activePlaybackScheduledTime": null, "activePlaybackDuration": null, "activePlaybackTrimStart": null, "activePlaybackTrimEnd": null, "activePlaybackReversed": null },
      { "name": "Channel 14", "steps": [false,false,false,false,false,false,false,false,false,false,false,false,false,false,false,false,false,false,false,false,false,false,false,false,false,false,false,false,false,false,false,false,false,false,false,false,false,false,false,false,false,false,false,false,false,false,false,false,false,false,false,false,false,false,false,false,false,false,false,false,false,false,false,false], "src": null, "volume": 0.8, "mute": false, "solo": false, "pitch": 0, "reverse": false, "trimStart": 0, "trimEnd": 1, "hpfCutoff": 20, "hpfQ": 0.707, "lpfCutoff": 20000, "lpfQ": 0.707, "eqLowGain": 0, "eqMidGain": 0, "eqHighGain": 0, "fadeInTime": 0, "fadeOutTime": 0, "activePlaybackScheduledTime": null, "activePlaybackDuration": null, "activePlaybackTrimStart": null, "activePlaybackTrimEnd": null, "activePlaybackReversed": null },
      { "name": "Channel 15", "steps": [false,false,false,false,false,false,false,false,false,false,false,false,false,false,false,false,false,false,false,false,false,false,false,false,false,false,false,false,false,false,false,false,false,false,false,false,false,false,false,false,false,false,false,false,false,false,false,false,false,false,false,false,false,false,false,false,false,false,false,false,false,false,false,false], "src": null, "volume": 0.8, "mute": false, "solo": false, "pitch": 0, "reverse": false, "trimStart": 0, "trimEnd": 1, "hpfCutoff": 20, "hpfQ": 0.707, "lpfCutoff": 20000, "lpfQ": 0.707, "eqLowGain": 0, "eqMidGain": 0, "eqHighGain": 0, "fadeInTime": 0, "fadeOutTime": 0, "activePlaybackScheduledTime": null, "activePlaybackDuration": null, "activePlaybackTrimStart": null, "activePlaybackTrimEnd": null, "activePlaybackReversed": null },
      { "name": "Channel 16", "steps": [false,false,false,false,false,false,false,false,false,false,false,false,false,false,false,false,false,false,false,false,false,false,false,false,false,false,false,false,false,false,false,false,false,false,false,false,false,false,false,false,false,false,false,false,false,false,false,false,false,false,false,false,false,false,false,false,false,false,false,false,false,false,false,false], "src": null, "volume": 0.8, "mute": false, "solo": false, "pitch": 0, "reverse": false, "trimStart": 0, "trimEnd": 1, "hpfCutoff": 20, "hpfQ": 0.707, "lpfCutoff": 20000, "lpfQ": 0.707, "eqLowGain": 0, "eqMidGain": 0, "eqHighGain": 0, "fadeInTime": 0, "fadeOutTime": 0, "activePlaybackScheduledTime": null, "activePlaybackDuration": null, "activePlaybackTrimStart": null, "activePlaybackTrimEnd": null, "activePlaybackReversed": null }
    ],
    "playing": false,
    "currentStep": 0
  }