{
    "projectName": "Vocal Chop R&B",
    "bpm": 95,
    "channels": [
      {
        "name": "808 Kick Smooth",
        "steps": [
          true, false, false, false, false, false, false, true, false, false, true, false, false, false, false, false,
          true, false, false, true, false, false, false, false, false, false, true, false, false, false, false, true,
          true, false, false, false, false, false, false, true, false, false, true, false, false, false, false, false,
          true, false, false, true, false, true, false, false, false, false, true, false, false, false, true, false
        ],
        "src": "e7d344ef3098d0889856978c4d2e81ccf2358f7f8b66feecc71e03036c59ad48i0",
        "volume": 0.8, "mute": false, "solo": false, "pitch": 0, "reverse": false, "trimStart": 0, "trimEnd": 1,
        "hpfCutoff": 20, "hpfQ": 0.707, "lpfCutoff": 7000, "lpfQ": 0.707, "eqLowGain": 2, "eqMidGain": 0, "eqHighGain": -1,
        "fadeInTime": 0, "fadeOutTime": 0.08, "activePlaybackScheduledTime": null, "activePlaybackDuration": null,
        "activePlaybackTrimStart": 0, "activePlaybackTrimEnd": 1, "activePlaybackReversed": null
      },
      {
        "name": "808 Snare RnB",
        "steps": [
          false, false, false, false, true, false, false, false, false, false, false, false, true, false, false, false,
          false, false, false, false, true, false, false, false, false, false, false, true, true, false, false, false,
          false, false, false, false, true, false, false, false, false, false, false, false, true, false, false, false,
          false, false, false, false, true, false, false, false, false, false, true, false, true, false, true, false
        ],
        "src": "ef5707e6ecf4d5b6edb4c3a371ca1c57b5d1057c6505ccb5f8bdc8918b0c4d94i0",
        "volume": 0.7, "mute": false, "solo": false, "pitch": 0, "reverse": false, "trimStart": 0, "trimEnd": 1,
        "hpfCutoff": 100, "hpfQ": 0.707, "lpfCutoff": 15000, "lpfQ": 0.707, "eqLowGain": 0, "eqMidGain": 0, "eqHighGain": 0,
        "fadeInTime": 0, "fadeOutTime": 0.02, "activePlaybackScheduledTime": null, "activePlaybackDuration": null,
        "activePlaybackTrimStart": 0, "activePlaybackTrimEnd": 1, "activePlaybackReversed": null
      },
      {
        "name": "808 Clap",
        "steps": [
          false, false, false, false, true, false, false, false, false, false, false, false, false, false, false, false,
          false, false, false, false, true, false, false, false, false, false, false, false, false, false, false, false,
          false, false, false, false, true, false, false, false, false, false, false, false, false, false, false, false,
          false, false, false, false, true, false, false, false, false, false, false, false, false, false, false, false
        ],
        "src": "3b7482a832c4f27c32fc1da7cc4249bbbac1cbdfbdb8673079cad0c33486d233i0",
        "volume": 0.6, "mute": false, "solo": false, "pitch": 0, "reverse": false, "trimStart": 0, "trimEnd": 1,
        "hpfCutoff": 120, "hpfQ": 0.707, "lpfCutoff": 16000, "lpfQ": 0.707, "eqLowGain": 0, "eqMidGain": 0, "eqHighGain": 0,
        "fadeInTime": 0, "fadeOutTime": 0, "activePlaybackScheduledTime": null, "activePlaybackDuration": null,
        "activePlaybackTrimStart": 0, "activePlaybackTrimEnd": 1, "activePlaybackReversed": null
      },
      {
        "name": "Closed Hat Smooth",
        "steps": [
          false, true, true, true, false, true, true, true, false, true, true, true, false, true, true, true,
          false, true, true, true, false, true, true, true, false, true, true, true, false, true, true, true,
          false, true, true, true, false, true, true, true, false, true, true, true, false, true, true, true,
          false, true, true, true, false, true, true, true, false, true, true, true, false, true, true, true
        ],
        "src": "d030eb3d8bcd68b0ed02b0c67fdb981342eea40b0383814f179a48e76927db93i0",
        "volume": 0.5, "mute": false, "solo": false, "pitch": -2, "reverse": false, "trimStart": 0, "trimEnd": 0.25,
        "hpfCutoff": 700, "hpfQ": 0.707, "lpfCutoff": 17000, "lpfQ": 0.707, "eqLowGain": 0, "eqMidGain": 0, "eqHighGain": 0,
        "fadeInTime": 0, "fadeOutTime": 0, "activePlaybackScheduledTime": null, "activePlaybackDuration": null,
        "activePlaybackTrimStart": 0, "activePlaybackTrimEnd": 0.25, "activePlaybackReversed": null
      },
      {
        "name": "Synth Bass 1 Warm",
        "steps": [
          true, false, false, false, false, false, false, false, true, false, false, false, false, false, false, false,
          false, false, true, false, false, false, false, false, false, false, false, false, false, false, false, false,
          true, false, false, true, false, false, false, false, true, false, false, false, false, false, false, false,
          false, false, false, false, false, false, false, false, true, false, false, false, true, false, false, false
        ],
        "src": "ddc1838c1a6a3c45b2c6e19ff278c3b51b0797c3f1339c533370442d23687a68i0",
        "volume": 0.8, "mute": false, "solo": false, "pitch": -12, "reverse": false, "trimStart": 0, "trimEnd": 0.6,
        "hpfCutoff": 30, "hpfQ": 0.707, "lpfCutoff": 600, "lpfQ": 1.0, "eqLowGain": 2, "eqMidGain": 0, "eqHighGain": -2,
        "fadeInTime": 0.01, "fadeOutTime": 0.1, "activePlaybackScheduledTime": null, "activePlaybackDuration": null,
        "activePlaybackTrimStart": 0, "activePlaybackTrimEnd": 0.6, "activePlaybackReversed": null
      },
      {
        "name": "Cheese HUUH Chop 1",
        "steps": [
          false, false, false, true, false, false, false, false, false, false, false, false, false, true, false, false,
          false, false, false, false, false, true, false, false, false, false, false, false, false, false, false, true,
          false, false, false, true, false, false, false, false, false, false, false, false, false, true, false, false,
          false, false, true, false, false, false, false, false, false, false, false, false, false, false, false, false
        ],
        "src": "fb0e5e0b512ad0caf2b0ebed011d2d29aa670ce48f3c147cfc9e633d963f369bi0",
        "volume": 0.65, "mute": false, "solo": false, "pitch": 3, "reverse": false, "trimStart": 0, "trimEnd": 0.3,
        "hpfCutoff": 200, "hpfQ": 0.707, "lpfCutoff": 10000, "lpfQ": 0.707, "eqLowGain": 0, "eqMidGain": 0, "eqHighGain": 0,
        "fadeInTime": 0, "fadeOutTime": 0.01, "activePlaybackScheduledTime": null, "activePlaybackDuration": null,
        "activePlaybackTrimStart": 0, "activePlaybackTrimEnd": 0.3, "activePlaybackReversed": null
      },
      {
        "name": "I Like Cheese Chop 2",
        "steps": [
          false, false, false, false, false, false, false, true, false, false, false, false, false, false, false, false,
          false, true, false, false, false, false, false, false, false, false, true, false, false, false, false, false,
          false, false, false, false, false, false, false, true, false, false, false, false, false, false, false, false,
          true, false, false, false, false, false, false, false, true, false, false, false, false, false, false, false
        ],
        "src": "4d73f49620b708e098a59b9c7d5a40bd0c14057d4b803e2f8842d183708ed8a5i0",
        "volume": 0.6, "mute": false, "solo": false, "pitch": -2, "reverse": true, "trimStart": 0.4, "trimEnd": 0.7,
        "hpfCutoff": 200, "hpfQ": 0.707, "lpfCutoff": 9000, "lpfQ": 0.8, "eqLowGain": 0, "eqMidGain": 0, "eqHighGain": 0,
        "fadeInTime": 0, "fadeOutTime": 0.01, "activePlaybackScheduledTime": null, "activePlaybackDuration": null,
        "activePlaybackTrimStart": 0.4, "activePlaybackTrimEnd": 0.7, "activePlaybackReversed": null
      },
      {
        "name": "Audional Jim Chop 3",
        "steps": [
          false, false, false, false, false, false, false, false, false, false, true, false, false, false, false, false,
          false, false, false, false, false, false, false, false, true, false, false, false, false, false, false, false,
          false, false, false, false, false, false, false, false, false, false, true, false, false, false, false, false,
          false, false, false, false, false, false, false, true, false, false, false, false, false, false, true, false
        ],
        "src": "c41587924f9d93d01cb71ca925fd664d6e50f1ac8e3c975d5e1e1f1bb0ff11b3i0",
        "volume": 0.65, "mute": false, "solo": false, "pitch": 5, "reverse": false, "trimStart": 0.1, "trimEnd": 0.4,
        "hpfCutoff": 200, "hpfQ": 0.707, "lpfCutoff": 11000, "lpfQ": 0.707, "eqLowGain": 0, "eqMidGain": 0, "eqHighGain": 0,
        "fadeInTime": 0, "fadeOutTime": 0.01, "activePlaybackScheduledTime": null, "activePlaybackDuration": null,
        "activePlaybackTrimStart": 0.1, "activePlaybackTrimEnd": 0.4, "activePlaybackReversed": null
      },
      {
        "name": "Bitcoin Mel Fill 1",
        "steps": [
          false,false,false,false,false,false,false,false,false,false,false,false,false,false,false,false,
          false,false,false,false,false,false,false,false,false,false,false,false,false,false,true,false,
          false,false,false,false,false,false,false,false,false,false,false,false,false,false,false,false,
          false,false,false,false,false,false,false,false,false,false,false,false,false,false,false,true
        ],
        "src": "34e73ef718034a3c0fdeba53899a2af8ee7771f252c419ab63cd13b0a39f6b10i0",
        "volume": 0.4, "mute": false, "solo": false, "pitch": 0, "reverse": false, "trimStart": 0, "trimEnd": 1,
        "hpfCutoff": 100, "hpfQ": 0.707, "lpfCutoff": 12000, "lpfQ": 0.707, "eqLowGain": 0, "eqMidGain": 0, "eqHighGain": 0,
        "fadeInTime": 0, "fadeOutTime": 0.1, "activePlaybackScheduledTime": null, "activePlaybackDuration": null,
        "activePlaybackTrimStart": 0, "activePlaybackTrimEnd": 1, "activePlaybackReversed": null
      },
      { "name": "Channel 10", "steps": [false,false,false,false,false,false,false,false,false,false,false,false,false,false,false,false,false,false,false,false,false,false,false,false,false,false,false,false,false,false,false,false,false,false,false,false,false,false,false,false,false,false,false,false,false,false,false,false,false,false,false,false,false,false,false,false,false,false,false,false,false,false,false,false], "src": null, "volume": 0.8, "mute": false, "solo": false, "pitch": 0, "reverse": false, "trimStart": 0, "trimEnd": 1, "hpfCutoff": 20, "hpfQ": 0.707, "lpfCutoff": 20000, "lpfQ": 0.707, "eqLowGain": 0, "eqMidGain": 0, "eqHighGain": 0, "fadeInTime": 0, "fadeOutTime": 0, "activePlaybackScheduledTime": null, "activePlaybackDuration": null, "activePlaybackTrimStart": null, "activePlaybackTrimEnd": null, "activePlaybackReversed": null },
      { "name": "Channel 11", "steps": [false,false,false,false,false,false,false,false,false,false,false,false,false,false,false,false,false,false,false,false,false,false,false,false,false,false,false,false,false,false,false,false,false,false,false,false,false,false,false,false,false,false,false,false,false,false,false,false,false,false,false,false,false,false,false,false,false,false,false,false,false,false,false,false], "src": null, "volume": 0.8, "mute": false, "solo": false, "pitch": 0, "reverse": false, "trimStart": 0, "trimEnd": 1, "hpfCutoff": 20, "hpfQ": 0.707, "lpfCutoff": 20000, "lpfQ": 0.707, "eqLowGain": 0, "eqMidGain": 0, "eqHighGain": 0, "fadeInTime": 0, "fadeOutTime": 0, "activePlaybackScheduledTime": null, "activePlaybackDuration": null, "activePlaybackTrimStart": null, "activePlaybackTrimEnd": null, "activePlaybackReversed": null },
      { "name": "Channel 12", "steps": [false,false,false,false,false,false,false,false,false,false,false,false,false,false,false,false,false,false,false,false,false,false,false,false,false,false,false,false,false,false,false,false,false,false,false,false,false,false,false,false,false,false,false,false,false,false,false,false,false,false,false,false,false,false,false,false,false,false,false,false,false,false,false,false], "src": null, "volume": 0.8, "mute": false, "solo": false, "pitch": 0, "reverse": false, "trimStart": 0, "trimEnd": 1, "hpfCutoff": 20, "hpfQ": 0.707, "lpfCutoff": 20000, "lpfQ": 0.707, "eqLowGain": 0, "eqMidGain": 0, "eqHighGain": 0, "fadeInTime": 0, "fadeOutTime": 0, "activePlaybackScheduledTime": null, "activePlaybackDuration": null, "activePlaybackTrimStart": null, "activePlaybackTrimEnd": null, "activePlaybackReversed": null },
      { "name": "Channel 13", "steps": [false,false,false,false,false,false,false,false,false,false,false,false,false,false,false,false,false,false,false,false,false,false,false,false,false,false,false,false,false,false,false,false,false,false,false,false,false,false,false,false,false,false,false,false,false,false,false,false,false,false,false,false,false,false,false,false,false,false,false,false,false,false,false,false], "src": null, "volume": 0.8, "mute": false, "solo": false, "pitch": 0, "reverse": false, "trimStart": 0, "trimEnd": 1, "hpfCutoff": 20, "hpfQ": 0.707, "lpfCutoff": 20000, "lpfQ": 0.707, "eqLowGain": 0, "eqMidGain": 0, "eqHighGain": 0, "fadeInTime": 0, "fadeOutTime": 0, "activePlaybackScheduledTime": null, "activePlaybackDuration": null, "activePlaybackTrimStart": null, "activePlaybackTrimEnd": null, "activePlaybackReversed": null },
      { "name": "Channel 14", "steps": [false,false,false,false,false,false,false,false,false,false,false,false,false,false,false,false,false,false,false,false,false,false,false,false,false,false,false,false,false,false,false,false,false,false,false,false,false,false,false,false,false,false,false,false,false,false,false,false,false,false,false,false,false,false,false,false,false,false,false,false,false,false,false,false], "src": null, "volume": 0.8, "mute": false, "solo": false, "pitch": 0, "reverse": false, "trimStart": 0, "trimEnd": 1, "hpfCutoff": 20, "hpfQ": 0.707, "lpfCutoff": 20000, "lpfQ": 0.707, "eqLowGain": 0, "eqMidGain": 0, "eqHighGain": 0, "fadeInTime": 0, "fadeOutTime": 0, "activePlaybackScheduledTime": null, "activePlaybackDuration": null, "activePlaybackTrimStart": null, "activePlaybackTrimEnd": null, "activePlaybackReversed": null },
      { "name": "Channel 15", "steps": [false,false,false,false,false,false,false,false,false,false,false,false,false,false,false,false,false,false,false,false,false,false,false,false,false,false,false,false,false,false,false,false,false,false,false,false,false,false,false,false,false,false,false,false,false,false,false,false,false,false,false,false,false,false,false,false,false,false,false,false,false,false,false,false], "src": null, "volume": 0.8, "mute": false, "solo": false, "pitch": 0, "reverse": false, "trimStart": 0, "trimEnd": 1, "hpfCutoff": 20, "hpfQ": 0.707, "lpfCutoff": 20000, "lpfQ": 0.707, "eqLowGain": 0, "eqMidGain": 0, "eqHighGain": 0, "fadeInTime": 0, "fadeOutTime": 0, "activePlaybackScheduledTime": null, "activePlaybackDuration": null, "activePlaybackTrimStart": null, "activePlaybackTrimEnd": null, "activePlaybackReversed": null },
      { "name": "Channel 16", "steps": [false,false,false,false,false,false,false,false,false,false,false,false,false,false,false,false,false,false,false,false,false,false,false,false,false,false,false,false,false,false,false,false,false,false,false,false,false,false,false,false,false,false,false,false,false,false,false,false,false,false,false,false,false,false,false,false,false,false,false,false,false,false,false,false], "src": null, "volume": 0.8, "mute": false, "solo": false, "pitch": 0, "reverse": false, "trimStart": 0, "trimEnd": 1, "hpfCutoff": 20, "hpfQ": 0.707, "lpfCutoff": 20000, "lpfQ": 0.707, "eqLowGain": 0, "eqMidGain": 0, "eqHighGain": 0, "fadeInTime": 0, "fadeOutTime": 0, "activePlaybackScheduledTime": null, "activePlaybackDuration": null, "activePlaybackTrimStart": null, "activePlaybackTrimEnd": null, "activePlaybackReversed": null }
    ],
    "playing": false,
    "currentStep": 0
  }