{
    "projectName": "8-Bit Bitcoin Fantasia",
    "bpm": 105,
    "channels": [
      {
        "name": "8 Bit Drum Loop",
        "steps": [
          true,false,false,false,false,false,false,false,false,false,false,false,false,false,false,false,
          false,false,false,false,false,false,false,false,false,false,false,false,false,false,false,false,
          true,false,false,false,false,false,false,false,false,false,false,false,false,false,false,false,
          false,false,false,false,false,false,false,false,false,false,false,false,false,false,false,false
        ],
        "src": "3364803cb3032ce95f4138a214c15a9b36dcb70f574a477f27615d448e1cdeb8i0",
        "volume": 0.85, "mute": false, "solo": false, "pitch": 0, "reverse": false, "trimStart": 0, "trimEnd": 1,
        "hpfCutoff": 20, "hpfQ": 0.707, "lpfCutoff": 20000, "lpfQ": 0.707, "eqLowGain": 0, "eqMidGain": 0, "eqHighGain": 0,
        "fadeInTime": 0, "fadeOutTime": 0, "activePlaybackScheduledTime": null, "activePlaybackDuration": null,
        "activePlaybackTrimStart": 0, "activePlaybackTrimEnd": 1, "activePlaybackReversed": null
      },
      {
        "name": "Bitcoin Melody G Loop",
        "steps": [
          true,false,false,false,false,false,false,false,false,false,false,false,false,false,false,false,
          false,false,false,false,false,false,false,false,false,false,false,false,false,false,false,false,
          true,false,false,false,false,false,false,false,false,false,false,false,false,false,false,false,
          false,false,false,false,false,false,false,false,false,false,false,false,false,false,false,false
        ],
        "src": "c6decce29948ea64df9a24e689340c5907b6da207d74d13973fc5ca4dd3bd80ai0",
        "volume": 0.75, "mute": false, "solo": false, "pitch": 0, "reverse": false, "trimStart": 0, "trimEnd": 1,
        "hpfCutoff": 100, "hpfQ": 0.707, "lpfCutoff": 10000, "lpfQ": 0.707, "eqLowGain": 0, "eqMidGain": 0, "eqHighGain": 0,
        "fadeInTime": 0, "fadeOutTime": 0, "activePlaybackScheduledTime": null, "activePlaybackDuration": null,
        "activePlaybackTrimStart": 0, "activePlaybackTrimEnd": 1, "activePlaybackReversed": null
      },
      {
        "name": "Glocken B4 (P0)",
        "steps": [
          false,false,false,true,false,false,false,false,false,false,true,false,false,false,false,false,
          false,false,false,true,false,false,false,false,false,true,false,false,false,false,true,false,
          false,false,false,true,false,false,false,false,false,false,true,false,false,false,false,false,
          false,true,false,true,false,false,true,false,false,false,true,false,false,false,true,false
        ],
        "src": "578aa9d3b29ceceafc659ecee22cb7ef1a063ba5b71474db8fe84949746cdeefi0",
        "volume": 0.7, "mute": false, "solo": false, "pitch": 0, "reverse": false, "trimStart": 0, "trimEnd": 0.3,
        "hpfCutoff": 800, "hpfQ": 0.707, "lpfCutoff": 15000, "lpfQ": 0.707, "eqLowGain": 0, "eqMidGain": 0, "eqHighGain": 0,
        "fadeInTime": 0, "fadeOutTime": 0.1, "activePlaybackScheduledTime": null, "activePlaybackDuration": null,
        "activePlaybackTrimStart": 0, "activePlaybackTrimEnd": 0.3, "activePlaybackReversed": null
      },
      {
        "name": "Glocken D#5 (P+4)",
        "steps": [
          false,false,false,false,false,false,true,false,false,false,false,false,false,true,false,false,
          false,false,false,false,false,false,true,false,false,false,false,false,true,false,false,false,
          false,false,false,false,false,false,true,false,false,false,false,false,false,true,false,false,
          false,false,false,false,true,false,false,true,false,false,false,false,false,false,false,true
        ],
        "src": "578aa9d3b29ceceafc659ecee22cb7ef1a063ba5b71474db8fe84949746cdeefi0",
        "volume": 0.65, "mute": false, "solo": false, "pitch": 4, "reverse": false, "trimStart": 0, "trimEnd": 0.3,
        "hpfCutoff": 800, "hpfQ": 0.707, "lpfCutoff": 15000, "lpfQ": 0.707, "eqLowGain": 0, "eqMidGain": 0, "eqHighGain": 0,
        "fadeInTime": 0, "fadeOutTime": 0.1, "activePlaybackScheduledTime": null, "activePlaybackDuration": null,
        "activePlaybackTrimStart": 0, "activePlaybackTrimEnd": 0.3, "activePlaybackReversed": null
      },
      { "name": "Channel 5", "steps": [false,false,false,false,false,false,false,false,false,false,false,false,false,false,false,false,false,false,false,false,false,false,false,false,false,false,false,false,false,false,false,false,false,false,false,false,false,false,false,false,false,false,false,false,false,false,false,false,false,false,false,false,false,false,false,false,false,false,false,false,false,false,false,false], "src": null, "volume": 0.8, "mute": false, "solo": false, "pitch": 0, "reverse": false, "trimStart": 0, "trimEnd": 1, "hpfCutoff": 20, "hpfQ": 0.707, "lpfCutoff": 20000, "lpfQ": 0.707, "eqLowGain": 0, "eqMidGain": 0, "eqHighGain": 0, "fadeInTime": 0, "fadeOutTime": 0, "activePlaybackScheduledTime": null, "activePlaybackDuration": null, "activePlaybackTrimStart": null, "activePlaybackTrimEnd": null, "activePlaybackReversed": null },
      { "name": "Channel 6", "steps": [false,false,false,false,false,false,false,false,false,false,false,false,false,false,false,false,false,false,false,false,false,false,false,false,false,false,false,false,false,false,false,false,false,false,false,false,false,false,false,false,false,false,false,false,false,false,false,false,false,false,false,false,false,false,false,false,false,false,false,false,false,false,false,false], "src": null, "volume": 0.8, "mute": false, "solo": false, "pitch": 0, "reverse": false, "trimStart": 0, "trimEnd": 1, "hpfCutoff": 20, "hpfQ": 0.707, "lpfCutoff": 20000, "lpfQ": 0.707, "eqLowGain": 0, "eqMidGain": 0, "eqHighGain": 0, "fadeInTime": 0, "fadeOutTime": 0, "activePlaybackScheduledTime": null, "activePlaybackDuration": null, "activePlaybackTrimStart": null, "activePlaybackTrimEnd": null, "activePlaybackReversed": null },
      { "name": "Channel 7", "steps": [false,false,false,false,false,false,false,false,false,false,false,false,false,false,false,false,false,false,false,false,false,false,false,false,false,false,false,false,false,false,false,false,false,false,false,false,false,false,false,false,false,false,false,false,false,false,false,false,false,false,false,false,false,false,false,false,false,false,false,false,false,false,false,false], "src": null, "volume": 0.8, "mute": false, "solo": false, "pitch": 0, "reverse": false, "trimStart": 0, "trimEnd": 1, "hpfCutoff": 20, "hpfQ": 0.707, "lpfCutoff": 20000, "lpfQ": 0.707, "eqLowGain": 0, "eqMidGain": 0, "eqHighGain": 0, "fadeInTime": 0, "fadeOutTime": 0, "activePlaybackScheduledTime": null, "activePlaybackDuration": null, "activePlaybackTrimStart": null, "activePlaybackTrimEnd": null, "activePlaybackReversed": null },
      { "name": "Channel 8", "steps": [false,false,false,false,false,false,false,false,false,false,false,false,false,false,false,false,false,false,false,false,false,false,false,false,false,false,false,false,false,false,false,false,false,false,false,false,false,false,false,false,false,false,false,false,false,false,false,false,false,false,false,false,false,false,false,false,false,false,false,false,false,false,false,false], "src": null, "volume": 0.8, "mute": false, "solo": false, "pitch": 0, "reverse": false, "trimStart": 0, "trimEnd": 1, "hpfCutoff": 20, "hpfQ": 0.707, "lpfCutoff": 20000, "lpfQ": 0.707, "eqLowGain": 0, "eqMidGain": 0, "eqHighGain": 0, "fadeInTime": 0, "fadeOutTime": 0, "activePlaybackScheduledTime": null, "activePlaybackDuration": null, "activePlaybackTrimStart": null, "activePlaybackTrimEnd": null, "activePlaybackReversed": null },
      { "name": "Channel 9", "steps": [false,false,false,false,false,false,false,false,false,false,false,false,false,false,false,false,false,false,false,false,false,false,false,false,false,false,false,false,false,false,false,false,false,false,false,false,false,false,false,false,false,false,false,false,false,false,false,false,false,false,false,false,false,false,false,false,false,false,false,false,false,false,false,false], "src": null, "volume": 0.8, "mute": false, "solo": false, "pitch": 0, "reverse": false, "trimStart": 0, "trimEnd": 1, "hpfCutoff": 20, "hpfQ": 0.707, "lpfCutoff": 20000, "lpfQ": 0.707, "eqLowGain": 0, "eqMidGain": 0, "eqHighGain": 0, "fadeInTime": 0, "fadeOutTime": 0, "activePlaybackScheduledTime": null, "activePlaybackDuration": null, "activePlaybackTrimStart": null, "activePlaybackTrimEnd": null, "activePlaybackReversed": null },
      { "name": "Channel 10", "steps": [false,false,false,false,false,false,false,false,false,false,false,false,false,false,false,false,false,false,false,false,false,false,false,false,false,false,false,false,false,false,false,false,false,false,false,false,false,false,false,false,false,false,false,false,false,false,false,false,false,false,false,false,false,false,false,false,false,false,false,false,false,false,false,false], "src": null, "volume": 0.8, "mute": false, "solo": false, "pitch": 0, "reverse": false, "trimStart": 0, "trimEnd": 1, "hpfCutoff": 20, "hpfQ": 0.707, "lpfCutoff": 20000, "lpfQ": 0.707, "eqLowGain": 0, "eqMidGain": 0, "eqHighGain": 0, "fadeInTime": 0, "fadeOutTime": 0, "activePlaybackScheduledTime": null, "activePlaybackDuration": null, "activePlaybackTrimStart": null, "activePlaybackTrimEnd": null, "activePlaybackReversed": null },
      { "name": "Channel 11", "steps": [false,false,false,false,false,false,false,false,false,false,false,false,false,false,false,false,false,false,false,false,false,false,false,false,false,false,false,false,false,false,false,false,false,false,false,false,false,false,false,false,false,false,false,false,false,false,false,false,false,false,false,false,false,false,false,false,false,false,false,false,false,false,false,false], "src": null, "volume": 0.8, "mute": false, "solo": false, "pitch": 0, "reverse": false, "trimStart": 0, "trimEnd": 1, "hpfCutoff": 20, "hpfQ": 0.707, "lpfCutoff": 20000, "lpfQ": 0.707, "eqLowGain": 0, "eqMidGain": 0, "eqHighGain": 0, "fadeInTime": 0, "fadeOutTime": 0, "activePlaybackScheduledTime": null, "activePlaybackDuration": null, "activePlaybackTrimStart": null, "activePlaybackTrimEnd": null, "activePlaybackReversed": null },
      { "name": "Channel 12", "steps": [false,false,false,false,false,false,false,false,false,false,false,false,false,false,false,false,false,false,false,false,false,false,false,false,false,false,false,false,false,false,false,false,false,false,false,false,false,false,false,false,false,false,false,false,false,false,false,false,false,false,false,false,false,false,false,false,false,false,false,false,false,false,false,false], "src": null, "volume": 0.8, "mute": false, "solo": false, "pitch": 0, "reverse": false, "trimStart": 0, "trimEnd": 1, "hpfCutoff": 20, "hpfQ": 0.707, "lpfCutoff": 20000, "lpfQ": 0.707, "eqLowGain": 0, "eqMidGain": 0, "eqHighGain": 0, "fadeInTime": 0, "fadeOutTime": 0, "activePlaybackScheduledTime": null, "activePlaybackDuration": null, "activePlaybackTrimStart": null, "activePlaybackTrimEnd": null, "activePlaybackReversed": null },
      { "name": "Channel 13", "steps": [false,false,false,false,false,false,false,false,false,false,false,false,false,false,false,false,false,false,false,false,false,false,false,false,false,false,false,false,false,false,false,false,false,false,false,false,false,false,false,false,false,false,false,false,false,false,false,false,false,false,false,false,false,false,false,false,false,false,false,false,false,false,false,false], "src": null, "volume": 0.8, "mute": false, "solo": false, "pitch": 0, "reverse": false, "trimStart": 0, "trimEnd": 1, "hpfCutoff": 20, "hpfQ": 0.707, "lpfCutoff": 20000, "lpfQ": 0.707, "eqLowGain": 0, "eqMidGain": 0, "eqHighGain": 0, "fadeInTime": 0, "fadeOutTime": 0, "activePlaybackScheduledTime": null, "activePlaybackDuration": null, "activePlaybackTrimStart": null, "activePlaybackTrimEnd": null, "activePlaybackReversed": null },
      { "name": "Channel 14", "steps": [false,false,false,false,false,false,false,false,false,false,false,false,false,false,false,false,false,false,false,false,false,false,false,false,false,false,false,false,false,false,false,false,false,false,false,false,false,false,false,false,false,false,false,false,false,false,false,false,false,false,false,false,false,false,false,false,false,false,false,false,false,false,false,false], "src": null, "volume": 0.8, "mute": false, "solo": false, "pitch": 0, "reverse": false, "trimStart": 0, "trimEnd": 1, "hpfCutoff": 20, "hpfQ": 0.707, "lpfCutoff": 20000, "lpfQ": 0.707, "eqLowGain": 0, "eqMidGain": 0, "eqHighGain": 0, "fadeInTime": 0, "fadeOutTime": 0, "activePlaybackScheduledTime": null, "activePlaybackDuration": null, "activePlaybackTrimStart": null, "activePlaybackTrimEnd": null, "activePlaybackReversed": null },
      { "name": "Channel 15", "steps": [false,false,false,false,false,false,false,false,false,false,false,false,false,false,false,false,false,false,false,false,false,false,false,false,false,false,false,false,false,false,false,false,false,false,false,false,false,false,false,false,false,false,false,false,false,false,false,false,false,false,false,false,false,false,false,false,false,false,false,false,false,false,false,false], "src": null, "volume": 0.8, "mute": false, "solo": false, "pitch": 0, "reverse": false, "trimStart": 0, "trimEnd": 1, "hpfCutoff": 20, "hpfQ": 0.707, "lpfCutoff": 20000, "lpfQ": 0.707, "eqLowGain": 0, "eqMidGain": 0, "eqHighGain": 0, "fadeInTime": 0, "fadeOutTime": 0, "activePlaybackScheduledTime": null, "activePlaybackDuration": null, "activePlaybackTrimStart": null, "activePlaybackTrimEnd": null, "activePlaybackReversed": null },
      { "name": "Channel 16", "steps": [false,false,false,false,false,false,false,false,false,false,false,false,false,false,false,false,false,false,false,false,false,false,false,false,false,false,false,false,false,false,false,false,false,false,false,false,false,false,false,false,false,false,false,false,false,false,false,false,false,false,false,false,false,false,false,false,false,false,false,false,false,false,false,false], "src": null, "volume": 0.8, "mute": false, "solo": false, "pitch": 0, "reverse": false, "trimStart": 0, "trimEnd": 1, "hpfCutoff": 20, "hpfQ": 0.707, "lpfCutoff": 20000, "lpfQ": 0.707, "eqLowGain": 0, "eqMidGain": 0, "eqHighGain": 0, "fadeInTime": 0, "fadeOutTime": 0, "activePlaybackScheduledTime": null, "activePlaybackDuration": null, "activePlaybackTrimStart": null, "activePlaybackTrimEnd": null, "activePlaybackReversed": null }
    ],
    "playing": false,
    "currentStep": 0
  }