{
    "projectName": "Abstract Glitch Percussion",
    "bpm": 100,
    "channels": [
      {
        "name": "Sub Kick Pulse",
        "steps": [
          true, false, false, false, false, false, false, false, true, false, false, false, false, false, true, false,
          true, false, false, true, false, false, false, false, false, false, false, false, true, false, false, false,
          true, false, false, false, true, false, false, false, true, false, false, true, false, false, false, false,
          true, false, true, false, false, false, false, true, false, false, false, false, false, false, true, false
        ],
        "src": "e7d344ef3098d0889856978c4d2e81ccf2358f7f8b66feecc71e03036c59ad48i0",
        "volume": 0.7, "mute": false, "solo": false, "pitch": -8, "reverse": false, "trimStart": 0, "trimEnd": 0.3,
        "hpfCutoff": 20, "hpfQ": 0.707, "lpfCutoff": 200, "lpfQ": 1.2, "eqLowGain": 3, "eqMidGain": -2, "eqHighGain": -5,
        "fadeInTime": 0, "fadeOutTime": 0.05, "activePlaybackScheduledTime": null, "activePlaybackDuration": null,
        "activePlaybackTrimStart": 0, "activePlaybackTrimEnd": 0.3, "activePlaybackReversed": null
      },
      {
        "name": "Glitch Snare (Small Click)",
        "steps": [
          false, false, false, true, false, false, false, false, false, false, false, false, true, false, false, false,
          false, false, false, false, true, false, false, true, false, false, false, false, false, false, true, false,
          false, false, false, true, false, false, false, true, false, false, false, false, true, false, false, true,
          false, false, false, false, true, false, true, false, false, true, false, false, false, false, false, false
        ],
        "src": "1bda678460ef08fb64435b57c9b69fd78fd4556822ccd8e9839b4eb71b3621edi0",
        "volume": 0.65, "mute": false, "solo": false, "pitch": -5, "reverse": false, "trimStart": 0, "trimEnd": 0.08,
        "hpfCutoff": 100, "hpfQ": 0.707, "lpfCutoff": 8000, "lpfQ": 1.0, "eqLowGain": 0, "eqMidGain": 1, "eqHighGain": 1,
        "fadeInTime": 0, "fadeOutTime": 0.005, "activePlaybackScheduledTime": null, "activePlaybackDuration": null,
        "activePlaybackTrimStart": 0, "activePlaybackTrimEnd": 0.08, "activePlaybackReversed": null
      },
      {
        "name": "Reversed Click Hat",
        "steps": [
          false, true, false, true, false, true, false, false, false, true, false, true, false, true, false, false,
          true, true, false, true, false, true, false, true, false, true, false, false, true, true, false, true,
          false, true, false, true, false, true, false, false, false, true, false, true, false, true, false, true,
          true, true, false, true, false, true, true, true, false, true, true, true, false, true, true, true
        ],
        "src": "1bda678460ef08fb64435b57c9b69fd78fd4556822ccd8e9839b4eb71b3621edi0",
        "volume": 0.4, "mute": false, "solo": false, "pitch": 10, "reverse": true, "trimStart": 0.01, "trimEnd": 0.05,
        "hpfCutoff": 1500, "hpfQ": 0.8, "lpfCutoff": 18000, "lpfQ": 0.707, "eqLowGain": 0, "eqMidGain": 0, "eqHighGain": 2,
        "fadeInTime": 0, "fadeOutTime": 0, "activePlaybackScheduledTime": null, "activePlaybackDuration": null,
        "activePlaybackTrimStart": 0.01, "activePlaybackTrimEnd": 0.05, "activePlaybackReversed": null
      },
      {
        "name": "DJ Scratch Stutter",
        "steps": [
          false, false, false, false, false, true, false, true, false, false, true, false, false, true, false, true,
          false, true, false, false, false, false, true, false, true, true, false, true, false, false, true, false,
          false, false, false, false, false, true, false, true, false, false, true, false, false, true, false, true,
          true, true, false, true, false, false, true, false, false, true, false, false, true, true, false, true
        ],
        "src": "228947e9fc52e44d3a22e84aed7bbaeff08d60c5f925aa6be7e265d210425c28i0",
        "volume": 0.7, "mute": false, "solo": false, "pitch": 0, "reverse": false, "trimStart": 0.1, "trimEnd": 0.18,
        "hpfCutoff": 200, "hpfQ": 0.707, "lpfCutoff": 10000, "lpfQ": 1.0, "eqLowGain": 0, "eqMidGain": 0, "eqHighGain": 0,
        "fadeInTime": 0, "fadeOutTime": 0.01, "activePlaybackScheduledTime": null, "activePlaybackDuration": null,
        "activePlaybackTrimStart": 0.1, "activePlaybackTrimEnd": 0.18, "activePlaybackReversed": null
      },
      {
        "name": "Cowbell Detuned",
        "steps": [
          false, false, false, false, true, false, false, false, false, false, false, false, false, false, false, true,
          false, false, true, false, false, false, true, false, false, false, false, false, false, false, false, false,
          false, false, false, false, false, true, false, false, false, false, true, false, false, false, true, false,
          false, true, false, false, true, false, false, false, true, false, false, false, false, false, false, false
        ],
        "src": "3e5fe7bc10e37a145a75f7ddd71debd9079b05568c5b9c5e6b4de3d959a4c46bi0",
        "volume": 0.5, "mute": false, "solo": false, "pitch": -7, "reverse": false, "trimStart": 0, "trimEnd": 0.4,
        "hpfCutoff": 150, "hpfQ": 0.707, "lpfCutoff": 6000, "lpfQ": 0.9, "eqLowGain": 0, "eqMidGain": 0, "eqHighGain": 0,
        "fadeInTime": 0, "fadeOutTime": 0.02, "activePlaybackScheduledTime": null, "activePlaybackDuration": null,
        "activePlaybackTrimStart": 0, "activePlaybackTrimEnd": 0.4, "activePlaybackReversed": null
      },
      {
        "name": "Bass Drop FX",
        "steps": [
          false, false, false, false, false, false, false, false, false, false, false, false, false, false, false, false,
          false, false, false, false, false, false, false, false, true, false, false, false, false, false, false, false,
          false, false, false, false, false, false, false, false, false, false, false, false, false, false, false, false,
          false, false, false, false, false, false, false, false, false, false, false, false, true, false, false, false
        ],
        "src": "b77fb3b299477ca55ab2626dbbc12c0d5fa9d4cf51ae00850caae6e36baef745i0",
        "volume": 0.8, "mute": false, "solo": false, "pitch": 3, "reverse": true, "trimStart": 0.2, "trimEnd": 0.7,
        "hpfCutoff": 50, "hpfQ": 0.707, "lpfCutoff": 15000, "lpfQ": 0.707, "eqLowGain": 0, "eqMidGain": 0, "eqHighGain": 0,
        "fadeInTime": 0.01, "fadeOutTime": 0.1, "activePlaybackScheduledTime": null, "activePlaybackDuration": null,
        "activePlaybackTrimStart": 0.2, "activePlaybackTrimEnd": 0.7, "activePlaybackReversed": null
      },
      {
        "name": "Pitched Tom (Denim)",
        "steps": [
          false, false, false, false, false, false, true, false, false, false, false, false, false, false, false, false,
          true, false, false, false, false, false, false, true, false, false, false, false, false, false, false, false,
          false, false, false, true, false, false, false, false, true, false, false, false, false, false, false, false,
          false, true, false, false, false, false, false, false, false, false, true, false, false, false, true, false
        ],
        "src": "a511d79317efac68fea3b14070bebe208aefde07ce1c55d6f4cfe42e8273cbdbi0",
        "volume": 0.6, "mute": false, "solo": false, "pitch": 5, "reverse": false, "trimStart": 0, "trimEnd": 0.2,
        "hpfCutoff": 100, "hpfQ": 0.707, "lpfCutoff": 7000, "lpfQ": 0.8, "eqLowGain": 0, "eqMidGain": 0, "eqHighGain": 0,
        "fadeInTime": 0, "fadeOutTime": 0.01, "activePlaybackScheduledTime": null, "activePlaybackDuration": null,
        "activePlaybackTrimStart": 0, "activePlaybackTrimEnd": 0.2, "activePlaybackReversed": null
      },
      {
        "name": "Melophonic Snare Ghost",
        "steps": [
          false,false,false,false,false,false,false,false,false,true,false,false,false,false,false,false,
          false,false,false,false,false,false,false,false,false,false,false,true,false,false,false,false,
          false,false,false,false,false,false,false,false,false,true,false,false,false,false,false,false,
          false,false,false,false,false,false,false,false,false,false,false,true,false,false,false,true
        ],
        "src": "6c01b1214fc4d4016d683380d066849e6bc645276b102604c098bd35fd77f791i0",
        "volume": 0.3, "mute": false, "solo": false, "pitch": -3, "reverse": true, "trimStart": 0.1, "trimEnd": 0.5,
        "hpfCutoff": 300, "hpfQ": 0.707, "lpfCutoff": 5000, "lpfQ": 1.0, "eqLowGain": 0, "eqMidGain": 0, "eqHighGain": 0,
        "fadeInTime": 0, "fadeOutTime": 0.02, "activePlaybackScheduledTime": null, "activePlaybackDuration": null,
        "activePlaybackTrimStart": 0.1, "activePlaybackTrimEnd": 0.5, "activePlaybackReversed": null
      },
      { "name": "Channel 9", "steps": [false,false,false,false,false,false,false,false,false,false,false,false,false,false,false,false,false,false,false,false,false,false,false,false,false,false,false,false,false,false,false,false,false,false,false,false,false,false,false,false,false,false,false,false,false,false,false,false,false,false,false,false,false,false,false,false,false,false,false,false,false,false,false,false], "src": null, "volume": 0.8, "mute": false, "solo": false, "pitch": 0, "reverse": false, "trimStart": 0, "trimEnd": 1, "hpfCutoff": 20, "hpfQ": 0.707, "lpfCutoff": 20000, "lpfQ": 0.707, "eqLowGain": 0, "eqMidGain": 0, "eqHighGain": 0, "fadeInTime": 0, "fadeOutTime": 0, "activePlaybackScheduledTime": null, "activePlaybackDuration": null, "activePlaybackTrimStart": null, "activePlaybackTrimEnd": null, "activePlaybackReversed": null },
      { "name": "Channel 10", "steps": [false,false,false,false,false,false,false,false,false,false,false,false,false,false,false,false,false,false,false,false,false,false,false,false,false,false,false,false,false,false,false,false,false,false,false,false,false,false,false,false,false,false,false,false,false,false,false,false,false,false,false,false,false,false,false,false,false,false,false,false,false,false,false,false], "src": null, "volume": 0.8, "mute": false, "solo": false, "pitch": 0, "reverse": false, "trimStart": 0, "trimEnd": 1, "hpfCutoff": 20, "hpfQ": 0.707, "lpfCutoff": 20000, "lpfQ": 0.707, "eqLowGain": 0, "eqMidGain": 0, "eqHighGain": 0, "fadeInTime": 0, "fadeOutTime": 0, "activePlaybackScheduledTime": null, "activePlaybackDuration": null, "activePlaybackTrimStart": null, "activePlaybackTrimEnd": null, "activePlaybackReversed": null },
      { "name": "Channel 11", "steps": [false,false,false,false,false,false,false,false,false,false,false,false,false,false,false,false,false,false,false,false,false,false,false,false,false,false,false,false,false,false,false,false,false,false,false,false,false,false,false,false,false,false,false,false,false,false,false,false,false,false,false,false,false,false,false,false,false,false,false,false,false,false,false,false], "src": null, "volume": 0.8, "mute": false, "solo": false, "pitch": 0, "reverse": false, "trimStart": 0, "trimEnd": 1, "hpfCutoff": 20, "hpfQ": 0.707, "lpfCutoff": 20000, "lpfQ": 0.707, "eqLowGain": 0, "eqMidGain": 0, "eqHighGain": 0, "fadeInTime": 0, "fadeOutTime": 0, "activePlaybackScheduledTime": null, "activePlaybackDuration": null, "activePlaybackTrimStart": null, "activePlaybackTrimEnd": null, "activePlaybackReversed": null },
      { "name": "Channel 12", "steps": [false,false,false,false,false,false,false,false,false,false,false,false,false,false,false,false,false,false,false,false,false,false,false,false,false,false,false,false,false,false,false,false,false,false,false,false,false,false,false,false,false,false,false,false,false,false,false,false,false,false,false,false,false,false,false,false,false,false,false,false,false,false,false,false], "src": null, "volume": 0.8, "mute": false, "solo": false, "pitch": 0, "reverse": false, "trimStart": 0, "trimEnd": 1, "hpfCutoff": 20, "hpfQ": 0.707, "lpfCutoff": 20000, "lpfQ": 0.707, "eqLowGain": 0, "eqMidGain": 0, "eqHighGain": 0, "fadeInTime": 0, "fadeOutTime": 0, "activePlaybackScheduledTime": null, "activePlaybackDuration": null, "activePlaybackTrimStart": null, "activePlaybackTrimEnd": null, "activePlaybackReversed": null },
      { "name": "Channel 13", "steps": [false,false,false,false,false,false,false,false,false,false,false,false,false,false,false,false,false,false,false,false,false,false,false,false,false,false,false,false,false,false,false,false,false,false,false,false,false,false,false,false,false,false,false,false,false,false,false,false,false,false,false,false,false,false,false,false,false,false,false,false,false,false,false,false], "src": null, "volume": 0.8, "mute": false, "solo": false, "pitch": 0, "reverse": false, "trimStart": 0, "trimEnd": 1, "hpfCutoff": 20, "hpfQ": 0.707, "lpfCutoff": 20000, "lpfQ": 0.707, "eqLowGain": 0, "eqMidGain": 0, "eqHighGain": 0, "fadeInTime": 0, "fadeOutTime": 0, "activePlaybackScheduledTime": null, "activePlaybackDuration": null, "activePlaybackTrimStart": null, "activePlaybackTrimEnd": null, "activePlaybackReversed": null },
      { "name": "Channel 14", "steps": [false,false,false,false,false,false,false,false,false,false,false,false,false,false,false,false,false,false,false,false,false,false,false,false,false,false,false,false,false,false,false,false,false,false,false,false,false,false,false,false,false,false,false,false,false,false,false,false,false,false,false,false,false,false,false,false,false,false,false,false,false,false,false,false], "src": null, "volume": 0.8, "mute": false, "solo": false, "pitch": 0, "reverse": false, "trimStart": 0, "trimEnd": 1, "hpfCutoff": 20, "hpfQ": 0.707, "lpfCutoff": 20000, "lpfQ": 0.707, "eqLowGain": 0, "eqMidGain": 0, "eqHighGain": 0, "fadeInTime": 0, "fadeOutTime": 0, "activePlaybackScheduledTime": null, "activePlaybackDuration": null, "activePlaybackTrimStart": null, "activePlaybackTrimEnd": null, "activePlaybackReversed": null },
      { "name": "Channel 15", "steps": [false,false,false,false,false,false,false,false,false,false,false,false,false,false,false,false,false,false,false,false,false,false,false,false,false,false,false,false,false,false,false,false,false,false,false,false,false,false,false,false,false,false,false,false,false,false,false,false,false,false,false,false,false,false,false,false,false,false,false,false,false,false,false,false], "src": null, "volume": 0.8, "mute": false, "solo": false, "pitch": 0, "reverse": false, "trimStart": 0, "trimEnd": 1, "hpfCutoff": 20, "hpfQ": 0.707, "lpfCutoff": 20000, "lpfQ": 0.707, "eqLowGain": 0, "eqMidGain": 0, "eqHighGain": 0, "fadeInTime": 0, "fadeOutTime": 0, "activePlaybackScheduledTime": null, "activePlaybackDuration": null, "activePlaybackTrimStart": null, "activePlaybackTrimEnd": null, "activePlaybackReversed": null },
      { "name": "Channel 16", "steps": [false,false,false,false,false,false,false,false,false,false,false,false,false,false,false,false,false,false,false,false,false,false,false,false,false,false,false,false,false,false,false,false,false,false,false,false,false,false,false,false,false,false,false,false,false,false,false,false,false,false,false,false,false,false,false,false,false,false,false,false,false,false,false,false], "src": null, "volume": 0.8, "mute": false, "solo": false, "pitch": 0, "reverse": false, "trimStart": 0, "trimEnd": 1, "hpfCutoff": 20, "hpfQ": 0.707, "lpfCutoff": 20000, "lpfQ": 0.707, "eqLowGain": 0, "eqMidGain": 0, "eqHighGain": 0, "fadeInTime": 0, "fadeOutTime": 0, "activePlaybackScheduledTime": null, "activePlaybackDuration": null, "activePlaybackTrimStart": null, "activePlaybackTrimEnd": null, "activePlaybackReversed": null }
    ],
    "playing": false,
    "currentStep": 0
  }