{
    "projectName": "Cyberpunk Drive",
    "bpm": 140,
    "channels": [
      {
        "name": "Hard Kick",
        "steps": [
          true, false, false, true, false, false, true, false, true, false, false, true, false, false, true, false,
          true, false, false, true, false, false, true, false, true, false, false, true, false, false, true, false,
          true, false, false, true, false, false, true, false, true, false, false, true, false, false, true, false,
          true, false, false, true, false, false, true, false, true, false, true, true, false, false, true, false
        ],
        "src": "437868aecce108d49f9b29c2f477987cb5834ffdf639a650335af7f0fdd5e55bi0",
        "volume": 0.95, "mute": false, "solo": false, "pitch": 0, "reverse": false, "trimStart": 0, "trimEnd": 0.5,
        "hpfCutoff": 20, "hpfQ": 0.707, "lpfCutoff": 20000, "lpfQ": 0.707, "eqLowGain": 0, "eqMidGain": 0, "eqHighGain": 0,
        "fadeInTime": 0, "fadeOutTime": 0.01, "activePlaybackScheduledTime": null, "activePlaybackDuration": null,
        "activePlaybackTrimStart": 0, "activePlaybackTrimEnd": 0.5, "activePlaybackReversed": null
      },
      {
        "name": "Hard Snare",
        "steps": [
          false, false, false, false, true, false, false, false, false, false, false, false, true, false, false, false,
          false, false, false, false, true, false, false, false, false, false, false, false, true, false, false, false,
          false, false, false, false, true, false, false, false, false, false, false, false, true, false, false, false,
          false, false, false, false, true, false, false, false, false, false, false, true, true, false, false, false
        ],
        "src": "3be1f8e37b718f5b9874aecad792504c5822dc8dfc727ad4928594f7725db987i0",
        "volume": 0.85, "mute": false, "solo": false, "pitch": 0, "reverse": false, "trimStart": 0, "trimEnd": 1,
        "hpfCutoff": 120, "hpfQ": 0.707, "lpfCutoff": 17000, "lpfQ": 0.707, "eqLowGain": 0, "eqMidGain": 0, "eqHighGain": 0,
        "fadeInTime": 0, "fadeOutTime": 0.01, "activePlaybackScheduledTime": null, "activePlaybackDuration": null,
        "activePlaybackTrimStart": 0, "activePlaybackTrimEnd": 1, "activePlaybackReversed": null
      },
      {
        "name": "Closed Hat",
        "steps": [
          true, false, true, false, true, false, true, false, true, false, true, false, true, false, true, false,
          true, false, true, false, true, false, true, false, true, false, true, false, true, false, true, false,
          true, false, true, false, true, false, true, false, true, false, true, false, true, false, true, false,
          true, false, true, false, true, false, true, false, true, true, true, true, true, true, true, true
        ],
        "src": "d030eb3d8bcd68b0ed02b0c67fdb981342eea40b0383814f179a48e76927db93i0",
        "volume": 0.6, "mute": false, "solo": false, "pitch": 0, "reverse": false, "trimStart": 0, "trimEnd": 0.1,
        "hpfCutoff": 600, "hpfQ": 0.707, "lpfCutoff": 20000, "lpfQ": 0.707, "eqLowGain": 0, "eqMidGain": 0, "eqHighGain": 0,
        "fadeInTime": 0, "fadeOutTime": 0, "activePlaybackScheduledTime": null, "activePlaybackDuration": null,
        "activePlaybackTrimStart": 0, "activePlaybackTrimEnd": 0.1, "activePlaybackReversed": null
      },
      {
        "name": "Pump It FX",
        "steps": [
          false, false, false, false, false, false, false, false, false, false, false, false, false, false, false, false,
          true, false, false, false, false, false, false, false, false, false, false, false, false, false, false, false,
          false, false, false, false, false, false, false, false, false, false, false, false, false, false, false, false,
          false, false, false, false, false, false, false, false, true, false, false, false, false, false, false, false
        ],
        "src": "43efcebb84113c6df56bf5b8a455685c043492de9f5635d4108c4211c1f6841fi0",
        "volume": 0.7, "mute": false, "solo": false, "pitch": 0, "reverse": false, "trimStart": 0, "trimEnd": 1,
        "hpfCutoff": 100, "hpfQ": 0.707, "lpfCutoff": 15000, "lpfQ": 0.707, "eqLowGain": 0, "eqMidGain": 0, "eqHighGain": 0,
        "fadeInTime": 0, "fadeOutTime": 0.05, "activePlaybackScheduledTime": null, "activePlaybackDuration": null,
        "activePlaybackTrimStart": 0, "activePlaybackTrimEnd": 1, "activePlaybackReversed": null
      },
      {
        "name": "SynthBass F3 (P0)",
        "steps": [
          true, false, false, false, false, false, false, false, false, false, false, false, false, false, false, false,
          true, false, false, false, false, false, false, false, false, false, false, false, false, false, false, false,
          true, false, false, false, false, false, false, false, false, false, false, false, false, false, false, false,
          true, false, false, false, false, false, false, false, false, false, false, false, false, false, true, false
        ],
        "src": "ddc1838c1a6a3c45b2c6e19ff278c3b51b0797c3f1339c533370442d23687a68i0",
        "volume": 0.8, "mute": false, "solo": false, "pitch": 0, "reverse": false, "trimStart": 0, "trimEnd": 0.2,
        "hpfCutoff": 50, "hpfQ": 0.707, "lpfCutoff": 1500, "lpfQ": 1.0, "eqLowGain": 2, "eqMidGain": 0, "eqHighGain": 0,
        "fadeInTime": 0, "fadeOutTime": 0.05, "activePlaybackScheduledTime": null, "activePlaybackDuration": null,
        "activePlaybackTrimStart": 0, "activePlaybackTrimEnd": 0.2, "activePlaybackReversed": null
      },
      {
        "name": "SynthBass G#3 (P+3)",
        "steps": [
          false, false, true, false, false, false, false, false, false, false, false, false, false, false, false, false,
          false, false, true, false, false, false, false, false, false, false, false, false, false, false, false, false,
          false, false, true, false, false, false, false, false, false, false, false, false, false, false, false, false,
          false, false, true, false, false, false, false, false, false, false, true, false, false, false, false, false
        ],
        "src": "ddc1838c1a6a3c45b2c6e19ff278c3b51b0797c3f1339c533370442d23687a68i0",
        "volume": 0.75, "mute": false, "solo": false, "pitch": 3, "reverse": false, "trimStart": 0, "trimEnd": 0.2,
        "hpfCutoff": 50, "hpfQ": 0.707, "lpfCutoff": 1500, "lpfQ": 1.0, "eqLowGain": 1, "eqMidGain": 0, "eqHighGain": 0,
        "fadeInTime": 0, "fadeOutTime": 0.05, "activePlaybackScheduledTime": null, "activePlaybackDuration": null,
        "activePlaybackTrimStart": 0, "activePlaybackTrimEnd": 0.2, "activePlaybackReversed": null
      },
      {
        "name": "SynthBass C4 (P+7)",
        "steps": [
          false, false, false, false, true, false, false, false, false, false, false, false, false, false, false, false,
          false, false, false, false, true, false, false, false, false, false, false, false, false, false, false, false,
          false, false, false, false, true, false, false, false, false, false, false, false, false, false, false, false,
          false, false, false, false, true, false, false, false, false, true, false, false, false, false, false, false
        ],
        "src": "ddc1838c1a6a3c45b2c6e19ff278c3b51b0797c3f1339c533370442d23687a68i0",
        "volume": 0.75, "mute": false, "solo": false, "pitch": 7, "reverse": false, "trimStart": 0, "trimEnd": 0.2,
        "hpfCutoff": 50, "hpfQ": 0.707, "lpfCutoff": 1500, "lpfQ": 1.0, "eqLowGain": 1, "eqMidGain": 0, "eqHighGain": 0,
        "fadeInTime": 0, "fadeOutTime": 0.05, "activePlaybackScheduledTime": null, "activePlaybackDuration": null,
        "activePlaybackTrimStart": 0, "activePlaybackTrimEnd": 0.2, "activePlaybackReversed": null
      },
      {
        "name": "SynthBass F4 (P+12)",
        "steps": [
          false, false, false, false, false, false, true, false, false, false, false, false, false, false, false, false,
          false, false, false, false, false, false, true, false, false, false, false, false, false, false, false, false,
          false, false, false, false, false, false, true, false, false, false, false, false, false, false, false, false,
          false, false, false, false, false, false, true, false, true, false, false, false, false, false, false, false
        ],
        "src": "ddc1838c1a6a3c45b2c6e19ff278c3b51b0797c3f1339c533370442d23687a68i0",
        "volume": 0.7, "mute": false, "solo": false, "pitch": 12, "reverse": false, "trimStart": 0, "trimEnd": 0.2,
        "hpfCutoff": 50, "hpfQ": 0.707, "lpfCutoff": 1800, "lpfQ": 1.0, "eqLowGain": 1, "eqMidGain": 0, "eqHighGain": 0,
        "fadeInTime": 0, "fadeOutTime": 0.05, "activePlaybackScheduledTime": null, "activePlaybackDuration": null,
        "activePlaybackTrimStart": 0, "activePlaybackTrimEnd": 0.2, "activePlaybackReversed": null
      },
      { "name": "Channel 9", "steps": [false,false,false,false,false,false,false,false,false,false,false,false,false,false,false,false,false,false,false,false,false,false,false,false,false,false,false,false,false,false,false,false,false,false,false,false,false,false,false,false,false,false,false,false,false,false,false,false,false,false,false,false,false,false,false,false,false,false,false,false,false,false,false,false], "src": null, "volume": 0.8, "mute": false, "solo": false, "pitch": 0, "reverse": false, "trimStart": 0, "trimEnd": 1, "hpfCutoff": 20, "hpfQ": 0.707, "lpfCutoff": 20000, "lpfQ": 0.707, "eqLowGain": 0, "eqMidGain": 0, "eqHighGain": 0, "fadeInTime": 0, "fadeOutTime": 0, "activePlaybackScheduledTime": null, "activePlaybackDuration": null, "activePlaybackTrimStart": null, "activePlaybackTrimEnd": null, "activePlaybackReversed": null },
      { "name": "Channel 10", "steps": [false,false,false,false,false,false,false,false,false,false,false,false,false,false,false,false,false,false,false,false,false,false,false,false,false,false,false,false,false,false,false,false,false,false,false,false,false,false,false,false,false,false,false,false,false,false,false,false,false,false,false,false,false,false,false,false,false,false,false,false,false,false,false,false], "src": null, "volume": 0.8, "mute": false, "solo": false, "pitch": 0, "reverse": false, "trimStart": 0, "trimEnd": 1, "hpfCutoff": 20, "hpfQ": 0.707, "lpfCutoff": 20000, "lpfQ": 0.707, "eqLowGain": 0, "eqMidGain": 0, "eqHighGain": 0, "fadeInTime": 0, "fadeOutTime": 0, "activePlaybackScheduledTime": null, "activePlaybackDuration": null, "activePlaybackTrimStart": null, "activePlaybackTrimEnd": null, "activePlaybackReversed": null },
      { "name": "Channel 11", "steps": [false,false,false,false,false,false,false,false,false,false,false,false,false,false,false,false,false,false,false,false,false,false,false,false,false,false,false,false,false,false,false,false,false,false,false,false,false,false,false,false,false,false,false,false,false,false,false,false,false,false,false,false,false,false,false,false,false,false,false,false,false,false,false,false], "src": null, "volume": 0.8, "mute": false, "solo": false, "pitch": 0, "reverse": false, "trimStart": 0, "trimEnd": 1, "hpfCutoff": 20, "hpfQ": 0.707, "lpfCutoff": 20000, "lpfQ": 0.707, "eqLowGain": 0, "eqMidGain": 0, "eqHighGain": 0, "fadeInTime": 0, "fadeOutTime": 0, "activePlaybackScheduledTime": null, "activePlaybackDuration": null, "activePlaybackTrimStart": null, "activePlaybackTrimEnd": null, "activePlaybackReversed": null },
      { "name": "Channel 12", "steps": [false,false,false,false,false,false,false,false,false,false,false,false,false,false,false,false,false,false,false,false,false,false,false,false,false,false,false,false,false,false,false,false,false,false,false,false,false,false,false,false,false,false,false,false,false,false,false,false,false,false,false,false,false,false,false,false,false,false,false,false,false,false,false,false], "src": null, "volume": 0.8, "mute": false, "solo": false, "pitch": 0, "reverse": false, "trimStart": 0, "trimEnd": 1, "hpfCutoff": 20, "hpfQ": 0.707, "lpfCutoff": 20000, "lpfQ": 0.707, "eqLowGain": 0, "eqMidGain": 0, "eqHighGain": 0, "fadeInTime": 0, "fadeOutTime": 0, "activePlaybackScheduledTime": null, "activePlaybackDuration": null, "activePlaybackTrimStart": null, "activePlaybackTrimEnd": null, "activePlaybackReversed": null },
      { "name": "Channel 13", "steps": [false,false,false,false,false,false,false,false,false,false,false,false,false,false,false,false,false,false,false,false,false,false,false,false,false,false,false,false,false,false,false,false,false,false,false,false,false,false,false,false,false,false,false,false,false,false,false,false,false,false,false,false,false,false,false,false,false,false,false,false,false,false,false,false], "src": null, "volume": 0.8, "mute": false, "solo": false, "pitch": 0, "reverse": false, "trimStart": 0, "trimEnd": 1, "hpfCutoff": 20, "hpfQ": 0.707, "lpfCutoff": 20000, "lpfQ": 0.707, "eqLowGain": 0, "eqMidGain": 0, "eqHighGain": 0, "fadeInTime": 0, "fadeOutTime": 0, "activePlaybackScheduledTime": null, "activePlaybackDuration": null, "activePlaybackTrimStart": null, "activePlaybackTrimEnd": null, "activePlaybackReversed": null },
      { "name": "Channel 14", "steps": [false,false,false,false,false,false,false,false,false,false,false,false,false,false,false,false,false,false,false,false,false,false,false,false,false,false,false,false,false,false,false,false,false,false,false,false,false,false,false,false,false,false,false,false,false,false,false,false,false,false,false,false,false,false,false,false,false,false,false,false,false,false,false,false], "src": null, "volume": 0.8, "mute": false, "solo": false, "pitch": 0, "reverse": false, "trimStart": 0, "trimEnd": 1, "hpfCutoff": 20, "hpfQ": 0.707, "lpfCutoff": 20000, "lpfQ": 0.707, "eqLowGain": 0, "eqMidGain": 0, "eqHighGain": 0, "fadeInTime": 0, "fadeOutTime": 0, "activePlaybackScheduledTime": null, "activePlaybackDuration": null, "activePlaybackTrimStart": null, "activePlaybackTrimEnd": null, "activePlaybackReversed": null },
      { "name": "Channel 15", "steps": [false,false,false,false,false,false,false,false,false,false,false,false,false,false,false,false,false,false,false,false,false,false,false,false,false,false,false,false,false,false,false,false,false,false,false,false,false,false,false,false,false,false,false,false,false,false,false,false,false,false,false,false,false,false,false,false,false,false,false,false,false,false,false,false], "src": null, "volume": 0.8, "mute": false, "solo": false, "pitch": 0, "reverse": false, "trimStart": 0, "trimEnd": 1, "hpfCutoff": 20, "hpfQ": 0.707, "lpfCutoff": 20000, "lpfQ": 0.707, "eqLowGain": 0, "eqMidGain": 0, "eqHighGain": 0, "fadeInTime": 0, "fadeOutTime": 0, "activePlaybackScheduledTime": null, "activePlaybackDuration": null, "activePlaybackTrimStart": null, "activePlaybackTrimEnd": null, "activePlaybackReversed": null },
      { "name": "Channel 16", "steps": [false,false,false,false,false,false,false,false,false,false,false,false,false,false,false,false,false,false,false,false,false,false,false,false,false,false,false,false,false,false,false,false,false,false,false,false,false,false,false,false,false,false,false,false,false,false,false,false,false,false,false,false,false,false,false,false,false,false,false,false,false,false,false,false], "src": null, "volume": 0.8, "mute": false, "solo": false, "pitch": 0, "reverse": false, "trimStart": 0, "trimEnd": 1, "hpfCutoff": 20, "hpfQ": 0.707, "lpfCutoff": 20000, "lpfQ": 0.707, "eqLowGain": 0, "eqMidGain": 0, "eqHighGain": 0, "fadeInTime": 0, "fadeOutTime": 0, "activePlaybackScheduledTime": null, "activePlaybackDuration": null, "activePlaybackTrimStart": null, "activePlaybackTrimEnd": null, "activePlaybackReversed": null }
    ],
    "playing": false,
    "currentStep": 0
  }